text,intent
Hello BookMate,greeting
Hi there,greeting
Good morning,greeting
Good afternoon,greeting
Good evening,greeting
Hey BookMate,greeting
Greetings,greeting
Is anyone online?,greeting
Can someone help me?,greeting
I need assistance,greeting
Nice to meet you,greeting
Hello there,greeting
Hi BookMate chatbot,greeting
Good day,greeting
Morning BookMate,greeting
Evening BookMate,greeting
"Hi, I have a question",greeting
"Hello, can I ask something?",greeting
"Hey, need help with hotel",greeting
Hi BookMate team,greeting
Good day BookMate,greeting
"Hello, is this resort support?",greeting
"Hi, are you active?",greeting
Hey there chatbot,greeting
"Hello, I want to inquire about resort",greeting
what can you do?,greeting
what can u do?,greeting
what can you do for me?,greeting
what services do you offer?,greeting
what features do you have?,greeting
how can you help me?,greeting
help me,greeting
what are your capabilities?,greeting
what options do you have?,greeting
show me what you can do,greeting
how to use this chatbot?,greeting
help,greeting
what can i ask you?,greeting
what services are supported?,greeting
Is Room Type F available at Resort Hotel for Christine Sanders?,availability
Do you have room availability for 2 adults in December 2016?,availability
I want to book Room Type F for 2 guests at Resort Hotel,book_room
Can I reserve a room for Christine Sanders for 7 nights?,book_room
How much is Room Type F at rate 66.8 per night?,room_price
What is the average daily rate for Resort Hotel in December?,room_price
Is BB meal package included for Christine Sanders's room?,breakfast
What breakfast package is available for Room Type F?,breakfast
Do you provide 0 parking space for reservation under Christine Sanders?,parking
Is parking space available at Resort Hotel for guest 530-703-7317?,parking
Can I cancel my booking under Christine Sanders?,cancel_booking
What is the cancellation policy for No Deposit reservation at Resort Hotel?,cancel_booking
Check reservation status for Christine Sanders with status Check-Out,booking_status
Is booking status for Christine Sanders confirmed at Resort Hotel?,booking_status
What payment methods do you accept for No Deposit booking under Christine Sanders?,payment
Do I need to pay deposit No Deposit for Room Type F?,payment
What facilities are available at Resort Hotel for Transient guests?,hotel_facilities
"Does Resort Hotel feature a swimming pool, spa and gym for Christine Sanders?",hotel_facilities
What are the check-in times at Resort Hotel for arrival on 2 December?,checkin_checkout
Can guest Christine Sanders request early check-in or late check-out at Resort Hotel?,checkin_checkout
I want to modify booking dates for guest Christine Sanders at Resort Hotel,modify_booking
Can I change my reservation from 7 nights for Christine Sanders?,modify_booking
Is Room Type A available at City Hotel for Mr. Jason Cooper?,availability
Do you have room availability for 2 adults in July 2015?,availability
I want to book Room Type A for 2 guests at City Hotel,book_room
Can I reserve a room for Mr. Jason Cooper for 3 nights?,book_room
How much is Room Type A at rate 76.5 per night?,room_price
What is the average daily rate for City Hotel in July?,room_price
Is BB meal package included for Mr. Jason Cooper's room?,breakfast
What breakfast package is available for Room Type A?,breakfast
Do you provide 0 parking space for reservation under Mr. Jason Cooper?,parking
Is parking space available at City Hotel for guest 897-631-4121?,parking
Can I cancel my booking under Mr. Jason Cooper?,cancel_booking
What is the cancellation policy for No Deposit reservation at City Hotel?,cancel_booking
Check reservation status for Mr. Jason Cooper with status Canceled,booking_status
Is booking status for Mr. Jason Cooper confirmed at City Hotel?,booking_status
What payment methods do you accept for No Deposit booking under Mr. Jason Cooper?,payment
Do I need to pay deposit No Deposit for Room Type A?,payment
What facilities are available at City Hotel for Transient guests?,hotel_facilities
"Does City Hotel feature a swimming pool, spa and gym for Mr. Jason Cooper?",hotel_facilities
What are the check-in times at City Hotel for arrival on 16 July?,checkin_checkout
Can guest Mr. Jason Cooper request early check-in or late check-out at City Hotel?,checkin_checkout
I want to modify booking dates for guest Mr. Jason Cooper at City Hotel,modify_booking
Can I change my reservation from 3 nights for Mr. Jason Cooper?,modify_booking
Is Room Type A available at City Hotel for Jonathan Goodwin Jr.?,availability
Do you have room availability for 3 adults in December 2016?,availability
I want to book Room Type A for 3 guests at City Hotel,book_room
Can I reserve a room for Jonathan Goodwin Jr. for 3 nights?,book_room
How much is Room Type A at rate 60.0 per night?,room_price
What is the average daily rate for City Hotel in December?,room_price
Is BB meal package included for Jonathan Goodwin Jr.'s room?,breakfast
Do you provide 0 parking space for reservation under Jonathan Goodwin Jr.?,parking
Is parking space available at City Hotel for guest 341-353-2913?,parking
Can I cancel my booking under Jonathan Goodwin Jr.?,cancel_booking
Check reservation status for Jonathan Goodwin Jr. with status Check-Out,booking_status
Is booking status for Jonathan Goodwin Jr. confirmed at City Hotel?,booking_status
What payment methods do you accept for No Deposit booking under Jonathan Goodwin Jr.?,payment
What facilities are available at City Hotel for Transient-Party guests?,hotel_facilities
"Does City Hotel feature a swimming pool, spa and gym for Jonathan Goodwin Jr.?",hotel_facilities
What are the check-in times at City Hotel for arrival on 27 December?,checkin_checkout
Can guest Jonathan Goodwin Jr. request early check-in or late check-out at City Hotel?,checkin_checkout
I want to modify booking dates for guest Jonathan Goodwin Jr. at City Hotel,modify_booking
Can I change my reservation from 3 nights for Jonathan Goodwin Jr.?,modify_booking
Is Room Type A available at City Hotel for Brandon Harrell?,availability
Do you have room availability for 1 adults in March 2016?,availability
I want to book Room Type A for 1 guests at City Hotel,book_room
Can I reserve a room for Brandon Harrell for 1 nights?,book_room
How much is Room Type A at rate 95.0 per night?,room_price
What is the average daily rate for City Hotel in March?,room_price
Is BB meal package included for Brandon Harrell's room?,breakfast
Do you provide 0 parking space for reservation under Brandon Harrell?,parking
Is parking space available at City Hotel for guest 360-134-7604?,parking
Can I cancel my booking under Brandon Harrell?,cancel_booking
Check reservation status for Brandon Harrell with status Check-Out,booking_status
Is booking status for Brandon Harrell confirmed at City Hotel?,booking_status
What payment methods do you accept for No Deposit booking under Brandon Harrell?,payment
"Does City Hotel feature a swimming pool, spa and gym for Brandon Harrell?",hotel_facilities
What are the check-in times at City Hotel for arrival on 9 March?,checkin_checkout
Can guest Brandon Harrell request early check-in or late check-out at City Hotel?,checkin_checkout
I want to modify booking dates for guest Brandon Harrell at City Hotel,modify_booking
Can I change my reservation from 1 nights for Brandon Harrell?,modify_booking
Is Room Type A available at City Hotel for Tyler Todd?,availability
Do you have room availability for 2 adults in April 2017?,availability
Can I reserve a room for Tyler Todd for 4 nights?,book_room
How much is Room Type A at rate 108.0 per night?,room_price
What is the average daily rate for City Hotel in April?,room_price
Is SC meal package included for Tyler Todd's room?,breakfast
Do you provide 0 parking space for reservation under Tyler Todd?,parking
Is parking space available at City Hotel for guest 698-685-4845?,parking
Can I cancel my booking under Tyler Todd?,cancel_booking
Check reservation status for Tyler Todd with status Check-Out,booking_status
Is booking status for Tyler Todd confirmed at City Hotel?,booking_status
What payment methods do you accept for No Deposit booking under Tyler Todd?,payment
"Does City Hotel feature a swimming pool, spa and gym for Tyler Todd?",hotel_facilities
What are the check-in times at City Hotel for arrival on 16 April?,checkin_checkout
Can guest Tyler Todd request early check-in or late check-out at City Hotel?,checkin_checkout
I want to modify booking dates for guest Tyler Todd at City Hotel,modify_booking
Can I change my reservation from 4 nights for Tyler Todd?,modify_booking
Is Room Type D available at City Hotel for Alexandra King?,availability
I want to book Room Type D for 2 guests at City Hotel,book_room
Can I reserve a room for Alexandra King for 3 nights?,book_room
How much is Room Type D at rate 130.5 per night?,room_price
Is BB meal package included for Alexandra King's room?,breakfast
What breakfast package is available for Room Type D?,breakfast
Do you provide 0 parking space for reservation under Alexandra King?,parking
Is parking space available at City Hotel for guest 235-332-9413?,parking
Can I cancel my booking under Alexandra King?,cancel_booking
Check reservation status for Alexandra King with status Check-Out,booking_status
Is booking status for Alexandra King confirmed at City Hotel?,booking_status
What payment methods do you accept for No Deposit booking under Alexandra King?,payment
Do I need to pay deposit No Deposit for Room Type D?,payment
"Does City Hotel feature a swimming pool, spa and gym for Alexandra King?",hotel_facilities
What are the check-in times at City Hotel for arrival on 27 April?,checkin_checkout
Can guest Alexandra King request early check-in or late check-out at City Hotel?,checkin_checkout
I want to modify booking dates for guest Alexandra King at City Hotel,modify_booking
Can I change my reservation from 3 nights for Alexandra King?,modify_booking
Is Room Type A available at City Hotel for Gary Morgan?,availability
Can I reserve a room for Gary Morgan for 1 nights?,book_room
How much is Room Type A at rate 85.0 per night?,room_price
Is BB meal package included for Gary Morgan's room?,breakfast
Do you provide 0 parking space for reservation under Gary Morgan?,parking
Is parking space available at City Hotel for guest 181-668-8047?,parking
Can I cancel my booking under Gary Morgan?,cancel_booking
Check reservation status for Gary Morgan with status Canceled,booking_status
Is booking status for Gary Morgan confirmed at City Hotel?,booking_status
What payment methods do you accept for No Deposit booking under Gary Morgan?,payment
"Does City Hotel feature a swimming pool, spa and gym for Gary Morgan?",hotel_facilities
What are the check-in times at City Hotel for arrival on 4 March?,checkin_checkout
Can guest Gary Morgan request early check-in or late check-out at City Hotel?,checkin_checkout
I want to modify booking dates for guest Gary Morgan at City Hotel,modify_booking
Can I change my reservation from 1 nights for Gary Morgan?,modify_booking
Is Room Type A available at City Hotel for Michael Bowman?,availability
Do you have room availability for 2 adults in October 2015?,availability
Can I reserve a room for Michael Bowman for 2 nights?,book_room
How much is Room Type A at rate 109.0 per night?,room_price
What is the average daily rate for City Hotel in October?,room_price
Is HB meal package included for Michael Bowman's room?,breakfast
Do you provide 0 parking space for reservation under Michael Bowman?,parking
Is parking space available at City Hotel for guest 779-867-8171?,parking
Can I cancel my booking under Michael Bowman?,cancel_booking
Check reservation status for Michael Bowman with status Check-Out,booking_status
Is booking status for Michael Bowman confirmed at City Hotel?,booking_status
What payment methods do you accept for No Deposit booking under Michael Bowman?,payment
"Does City Hotel feature a swimming pool, spa and gym for Michael Bowman?",hotel_facilities
What are the check-in times at City Hotel for arrival on 16 October?,checkin_checkout
Can guest Michael Bowman request early check-in or late check-out at City Hotel?,checkin_checkout
I want to modify booking dates for guest Michael Bowman at City Hotel,modify_booking
Can I change my reservation from 2 nights for Michael Bowman?,modify_booking
Is Room Type D available at Resort Hotel for Andrew Harris?,availability
Do you have room availability for 2 adults in November 2016?,availability
I want to book Room Type D for 2 guests at Resort Hotel,book_room
Can I reserve a room for Andrew Harris for 7 nights?,book_room
How much is Room Type D at rate 67.44 per night?,room_price
What is the average daily rate for Resort Hotel in November?,room_price
Is HB meal package included for Andrew Harris's room?,breakfast
Do you provide 0 parking space for reservation under Andrew Harris?,parking
Is parking space available at Resort Hotel for guest 497-904-5270?,parking
Can I cancel my booking under Andrew Harris?,cancel_booking
Check reservation status for Andrew Harris with status Check-Out,booking_status
Is booking status for Andrew Harris confirmed at Resort Hotel?,booking_status
What payment methods do you accept for No Deposit booking under Andrew Harris?,payment
"Does Resort Hotel feature a swimming pool, spa and gym for Andrew Harris?",hotel_facilities
What are the check-in times at Resort Hotel for arrival on 19 November?,checkin_checkout
Can guest Andrew Harris request early check-in or late check-out at Resort Hotel?,checkin_checkout
I want to modify booking dates for guest Andrew Harris at Resort Hotel,modify_booking
Can I change my reservation from 7 nights for Andrew Harris?,modify_booking
Is Room Type A available at Resort Hotel for Cory Li?,availability
Do you have room availability for 2 adults in September 2015?,availability
I want to book Room Type A for 2 guests at Resort Hotel,book_room
Can I reserve a room for Cory Li for 2 nights?,book_room
How much is Room Type A at rate 80.0 per night?,room_price
What is the average daily rate for Resort Hotel in September?,room_price
Is HB meal package included for Cory Li's room?,breakfast
Do you provide 0 parking space for reservation under Cory Li?,parking
Is parking space available at Resort Hotel for guest 913-293-2068?,parking
Can I cancel my booking under Cory Li?,cancel_booking
Check reservation status for Cory Li with status Check-Out,booking_status
Is booking status for Cory Li confirmed at Resort Hotel?,booking_status
What payment methods do you accept for No Deposit booking under Cory Li?,payment
"Does Resort Hotel feature a swimming pool, spa and gym for Cory Li?",hotel_facilities
What are the check-in times at Resort Hotel for arrival on 14 September?,checkin_checkout
Can guest Cory Li request early check-in or late check-out at Resort Hotel?,checkin_checkout
I want to modify booking dates for guest Cory Li at Resort Hotel,modify_booking
Can I change my reservation from 2 nights for Cory Li?,modify_booking
Is Room Type D available at Resort Hotel for Tony Bush?,availability
Can I reserve a room for Tony Bush for 4 nights?,book_room
How much is Room Type D at rate 54.8 per night?,room_price
Is BB meal package included for Tony Bush's room?,breakfast
Do you provide 1 parking space for reservation under Tony Bush?,parking
Is parking space available at Resort Hotel for guest 405-557-4917?,parking
Can I cancel my booking under Tony Bush?,cancel_booking
Check reservation status for Tony Bush with status Check-Out,booking_status
Is booking status for Tony Bush confirmed at Resort Hotel?,booking_status
What payment methods do you accept for No Deposit booking under Tony Bush?,payment
What facilities are available at Resort Hotel for Transient-Party guests?,hotel_facilities
"Does Resort Hotel feature a swimming pool, spa and gym for Tony Bush?",hotel_facilities
What are the check-in times at Resort Hotel for arrival on 26 December?,checkin_checkout
Can guest Tony Bush request early check-in or late check-out at Resort Hotel?,checkin_checkout
I want to modify booking dates for guest Tony Bush at Resort Hotel,modify_booking
Can I change my reservation from 4 nights for Tony Bush?,modify_booking
Is Room Type A available at City Hotel for Joseph Li?,availability
Do you have room availability for 2 adults in February 2017?,availability
Can I reserve a room for Joseph Li for 2 nights?,book_room
How much is Room Type A at rate 79.2 per night?,room_price
What is the average daily rate for City Hotel in February?,room_price
Is SC meal package included for Joseph Li's room?,breakfast
Do you provide 0 parking space for reservation under Joseph Li?,parking
Is parking space available at City Hotel for guest 627-884-3414?,parking
Can I cancel my booking under Joseph Li?,cancel_booking
Check reservation status for Joseph Li with status Canceled,booking_status
Is booking status for Joseph Li confirmed at City Hotel?,booking_status
What payment methods do you accept for No Deposit booking under Joseph Li?,payment
"Does City Hotel feature a swimming pool, spa and gym for Joseph Li?",hotel_facilities
What are the check-in times at City Hotel for arrival on 17 February?,checkin_checkout
Can guest Joseph Li request early check-in or late check-out at City Hotel?,checkin_checkout
I want to modify booking dates for guest Joseph Li at City Hotel,modify_booking
Can I change my reservation from 2 nights for Joseph Li?,modify_booking
Is Room Type A available at Resort Hotel for Michael Bird?,availability
Do you have room availability for 2 adults in December 2015?,availability
Can I reserve a room for Michael Bird for 7 nights?,book_room
How much is Room Type A at rate 57.29 per night?,room_price
Is HB meal package included for Michael Bird's room?,breakfast
Do you provide 0 parking space for reservation under Michael Bird?,parking
Is parking space available at Resort Hotel for guest 799-379-7243?,parking
Can I cancel my booking under Michael Bird?,cancel_booking
Check reservation status for Michael Bird with status Check-Out,booking_status
Is booking status for Michael Bird confirmed at Resort Hotel?,booking_status
What payment methods do you accept for No Deposit booking under Michael Bird?,payment
"Does Resort Hotel feature a swimming pool, spa and gym for Michael Bird?",hotel_facilities
What are the check-in times at Resort Hotel for arrival on 24 December?,checkin_checkout
Can guest Michael Bird request early check-in or late check-out at Resort Hotel?,checkin_checkout
I want to modify booking dates for guest Michael Bird at Resort Hotel,modify_booking
Can I change my reservation from 7 nights for Michael Bird?,modify_booking
Is Room Type A available at City Hotel for Robin Cervantes?,availability
Do you have room availability for 2 adults in August 2016?,availability
Can I reserve a room for Robin Cervantes for 3 nights?,book_room
What is the average daily rate for City Hotel in August?,room_price
Is BB meal package included for Robin Cervantes's room?,breakfast
Do you provide 0 parking space for reservation under Robin Cervantes?,parking
Is parking space available at City Hotel for guest 665-433-7948?,parking
Can I cancel my booking under Robin Cervantes?,cancel_booking
Check reservation status for Robin Cervantes with status Check-Out,booking_status
Is booking status for Robin Cervantes confirmed at City Hotel?,booking_status
What payment methods do you accept for No Deposit booking under Robin Cervantes?,payment
"Does City Hotel feature a swimming pool, spa and gym for Robin Cervantes?",hotel_facilities
What are the check-in times at City Hotel for arrival on 15 August?,checkin_checkout
Can guest Robin Cervantes request early check-in or late check-out at City Hotel?,checkin_checkout
I want to modify booking dates for guest Robin Cervantes at City Hotel,modify_booking
Can I change my reservation from 3 nights for Robin Cervantes?,modify_booking
Is Room Type A available at City Hotel for Susan Schmidt?,availability
Can I reserve a room for Susan Schmidt for 1 nights?,book_room
Is BB meal package included for Susan Schmidt's room?,breakfast
Do you provide 0 parking space for reservation under Susan Schmidt?,parking
Is parking space available at City Hotel for guest 631-615-3557?,parking
Can I cancel my booking under Susan Schmidt?,cancel_booking
What is the cancellation policy for Non Refund reservation at City Hotel?,cancel_booking
Check reservation status for Susan Schmidt with status Canceled,booking_status
Is booking status for Susan Schmidt confirmed at City Hotel?,booking_status
What payment methods do you accept for Non Refund booking under Susan Schmidt?,payment
Do I need to pay deposit Non Refund for Room Type A?,payment
"Does City Hotel feature a swimming pool, spa and gym for Susan Schmidt?",hotel_facilities
What are the check-in times at City Hotel for arrival on 17 October?,checkin_checkout
Can guest Susan Schmidt request early check-in or late check-out at City Hotel?,checkin_checkout
I want to modify booking dates for guest Susan Schmidt at City Hotel,modify_booking
Can I change my reservation from 1 nights for Susan Schmidt?,modify_booking
Is Room Type A available at Resort Hotel for Travis Garcia?,availability
Can I reserve a room for Travis Garcia for 2 nights?,book_room
How much is Room Type A at rate 99.0 per night?,room_price
What is the average daily rate for Resort Hotel in April?,room_price
Is BB meal package included for Travis Garcia's room?,breakfast
Do you provide 1 parking space for reservation under Travis Garcia?,parking
Is parking space available at Resort Hotel for guest 293-732-5812?,parking
Can I cancel my booking under Travis Garcia?,cancel_booking
Check reservation status for Travis Garcia with status Check-Out,booking_status
Is booking status for Travis Garcia confirmed at Resort Hotel?,booking_status
What payment methods do you accept for No Deposit booking under Travis Garcia?,payment
"Does Resort Hotel feature a swimming pool, spa and gym for Travis Garcia?",hotel_facilities
What are the check-in times at Resort Hotel for arrival on 20 April?,checkin_checkout
Can guest Travis Garcia request early check-in or late check-out at Resort Hotel?,checkin_checkout
I want to modify booking dates for guest Travis Garcia at Resort Hotel,modify_booking
Can I change my reservation from 2 nights for Travis Garcia?,modify_booking
Is Room Type A available at Resort Hotel for Amanda Combs?,availability
Can I reserve a room for Amanda Combs for 1 nights?,book_room
How much is Room Type A at rate 48.0 per night?,room_price
Is BB meal package included for Amanda Combs's room?,breakfast
Do you provide 0 parking space for reservation under Amanda Combs?,parking
Is parking space available at Resort Hotel for guest 575-779-2404?,parking
Can I cancel my booking under Amanda Combs?,cancel_booking
Check reservation status for Amanda Combs with status Check-Out,booking_status
Is booking status for Amanda Combs confirmed at Resort Hotel?,booking_status
What payment methods do you accept for No Deposit booking under Amanda Combs?,payment
"Does Resort Hotel feature a swimming pool, spa and gym for Amanda Combs?",hotel_facilities
What are the check-in times at Resort Hotel for arrival on 9 December?,checkin_checkout
Can guest Amanda Combs request early check-in or late check-out at Resort Hotel?,checkin_checkout
I want to modify booking dates for guest Amanda Combs at Resort Hotel,modify_booking
Can I change my reservation from 1 nights for Amanda Combs?,modify_booking
Is Room Type A available at City Hotel for Emily Richard?,availability
Do you have room availability for 2 adults in May 2016?,availability
Can I reserve a room for Emily Richard for 5 nights?,book_room
How much is Room Type A at rate 149.68 per night?,room_price
What is the average daily rate for City Hotel in May?,room_price
Is HB meal package included for Emily Richard's room?,breakfast
Do you provide 0 parking space for reservation under Emily Richard?,parking
Is parking space available at City Hotel for guest 908-561-0381?,parking
Can I cancel my booking under Emily Richard?,cancel_booking
Check reservation status for Emily Richard with status Canceled,booking_status
Is booking status for Emily Richard confirmed at City Hotel?,booking_status
What payment methods do you accept for No Deposit booking under Emily Richard?,payment
"Does City Hotel feature a swimming pool, spa and gym for Emily Richard?",hotel_facilities
What are the check-in times at City Hotel for arrival on 6 May?,checkin_checkout
Can guest Emily Richard request early check-in or late check-out at City Hotel?,checkin_checkout
I want to modify booking dates for guest Emily Richard at City Hotel,modify_booking
Can I change my reservation from 5 nights for Emily Richard?,modify_booking
Is Room Type A available at City Hotel for Kimberly Santiago?,availability
Do you have room availability for 2 adults in July 2017?,availability
Can I reserve a room for Kimberly Santiago for 7 nights?,book_room
How much is Room Type A at rate 78.35 per night?,room_price
Is BB meal package included for Kimberly Santiago's room?,breakfast
Do you provide 0 parking space for reservation under Kimberly Santiago?,parking
Is parking space available at City Hotel for guest 374-401-3653?,parking
Can I cancel my booking under Kimberly Santiago?,cancel_booking
Check reservation status for Kimberly Santiago with status Check-Out,booking_status
Is booking status for Kimberly Santiago confirmed at City Hotel?,booking_status
What payment methods do you accept for No Deposit booking under Kimberly Santiago?,payment
"Does City Hotel feature a swimming pool, spa and gym for Kimberly Santiago?",hotel_facilities
What are the check-in times at City Hotel for arrival on 15 July?,checkin_checkout
Can guest Kimberly Santiago request early check-in or late check-out at City Hotel?,checkin_checkout
I want to modify booking dates for guest Kimberly Santiago at City Hotel,modify_booking
Can I change my reservation from 7 nights for Kimberly Santiago?,modify_booking
Is Room Type F available at Resort Hotel for Jill Mcdonald?,availability
Do you have room availability for 2 adults in October 2016?,availability
Can I reserve a room for Jill Mcdonald for 7 nights?,book_room
How much is Room Type F at rate 91.85 per night?,room_price
What is the average daily rate for Resort Hotel in October?,room_price
Is BB meal package included for Jill Mcdonald's room?,breakfast
Do you provide 1 parking space for reservation under Jill Mcdonald?,parking
Is parking space available at Resort Hotel for guest 247-865-4713?,parking
Can I cancel my booking under Jill Mcdonald?,cancel_booking
Check reservation status for Jill Mcdonald with status Check-Out,booking_status
Is booking status for Jill Mcdonald confirmed at Resort Hotel?,booking_status
What payment methods do you accept for No Deposit booking under Jill Mcdonald?,payment
"Does Resort Hotel feature a swimming pool, spa and gym for Jill Mcdonald?",hotel_facilities
What are the check-in times at Resort Hotel for arrival on 27 October?,checkin_checkout
Can guest Jill Mcdonald request early check-in or late check-out at Resort Hotel?,checkin_checkout
I want to modify booking dates for guest Jill Mcdonald at Resort Hotel,modify_booking
Can I change my reservation from 7 nights for Jill Mcdonald?,modify_booking
Is Room Type A available at Resort Hotel for Nicholas Smith?,availability
Do you have room availability for 2 adults in March 2016?,availability
Can I reserve a room for Nicholas Smith for 4 nights?,book_room
How much is Room Type A at rate 58.0 per night?,room_price
What is the average daily rate for Resort Hotel in March?,room_price
Is BB meal package included for Nicholas Smith's room?,breakfast
Do you provide 1 parking space for reservation under Nicholas Smith?,parking
Is parking space available at Resort Hotel for guest 456-789-1863?,parking
Can I cancel my booking under Nicholas Smith?,cancel_booking
Check reservation status for Nicholas Smith with status Check-Out,booking_status
Is booking status for Nicholas Smith confirmed at Resort Hotel?,booking_status
What payment methods do you accept for No Deposit booking under Nicholas Smith?,payment
"Does Resort Hotel feature a swimming pool, spa and gym for Nicholas Smith?",hotel_facilities
What are the check-in times at Resort Hotel for arrival on 29 March?,checkin_checkout
Can guest Nicholas Smith request early check-in or late check-out at Resort Hotel?,checkin_checkout
I want to modify booking dates for guest Nicholas Smith at Resort Hotel,modify_booking
Can I change my reservation from 4 nights for Nicholas Smith?,modify_booking
Is Room Type A available at City Hotel for Neil Fischer?,availability
Do you have room availability for 1 adults in October 2015?,availability
Can I reserve a room for Neil Fischer for 4 nights?,book_room
How much is Room Type A at rate 140.0 per night?,room_price
Is BB meal package included for Neil Fischer's room?,breakfast
Do you provide 0 parking space for reservation under Neil Fischer?,parking
Is parking space available at City Hotel for guest 596-857-9819?,parking
Can I cancel my booking under Neil Fischer?,cancel_booking
Check reservation status for Neil Fischer with status Canceled,booking_status
Is booking status for Neil Fischer confirmed at City Hotel?,booking_status
What payment methods do you accept for Non Refund booking under Neil Fischer?,payment
"Does City Hotel feature a swimming pool, spa and gym for Neil Fischer?",hotel_facilities
What are the check-in times at City Hotel for arrival on 5 October?,checkin_checkout
Can guest Neil Fischer request early check-in or late check-out at City Hotel?,checkin_checkout
I want to modify booking dates for guest Neil Fischer at City Hotel,modify_booking
Can I change my reservation from 4 nights for Neil Fischer?,modify_booking
Is Room Type E available at Resort Hotel for Adrienne Reed?,availability
I want to book Room Type E for 2 guests at Resort Hotel,book_room
Can I reserve a room for Adrienne Reed for 5 nights?,book_room
How much is Room Type E at rate 74.6 per night?,room_price
Is BB meal package included for Adrienne Reed's room?,breakfast
What breakfast package is available for Room Type E?,breakfast
Do you provide 0 parking space for reservation under Adrienne Reed?,parking
Is parking space available at Resort Hotel for guest 321-211-6534?,parking
Can I cancel my booking under Adrienne Reed?,cancel_booking
Check reservation status for Adrienne Reed with status Check-Out,booking_status
Is booking status for Adrienne Reed confirmed at Resort Hotel?,booking_status
What payment methods do you accept for No Deposit booking under Adrienne Reed?,payment
Do I need to pay deposit No Deposit for Room Type E?,payment
"Does Resort Hotel feature a swimming pool, spa and gym for Adrienne Reed?",hotel_facilities
What are the check-in times at Resort Hotel for arrival on 19 April?,checkin_checkout
Can guest Adrienne Reed request early check-in or late check-out at Resort Hotel?,checkin_checkout
I want to modify booking dates for guest Adrienne Reed at Resort Hotel,modify_booking
Can I change my reservation from 5 nights for Adrienne Reed?,modify_booking
Is Room Type D available at City Hotel for Dr. Dave Rios DVM?,availability
Do you have room availability for 3 adults in July 2017?,availability
I want to book Room Type D for 3 guests at City Hotel,book_room
Can I reserve a room for Dr. Dave Rios DVM for 4 nights?,book_room
How much is Room Type D at rate 165.6 per night?,room_price
Is BB meal package included for Dr. Dave Rios DVM's room?,breakfast
Do you provide 0 parking space for reservation under Dr. Dave Rios DVM?,parking
Is parking space available at City Hotel for guest 247-822-3245?,parking
Can I cancel my booking under Dr. Dave Rios DVM?,cancel_booking
Check reservation status for Dr. Dave Rios DVM with status Check-Out,booking_status
Is booking status for Dr. Dave Rios DVM confirmed at City Hotel?,booking_status
What payment methods do you accept for No Deposit booking under Dr. Dave Rios DVM?,payment
"Does City Hotel feature a swimming pool, spa and gym for Dr. Dave Rios DVM?",hotel_facilities
What are the check-in times at City Hotel for arrival on 26 July?,checkin_checkout
Can guest Dr. Dave Rios DVM request early check-in or late check-out at City Hotel?,checkin_checkout
I want to modify booking dates for guest Dr. Dave Rios DVM at City Hotel,modify_booking
Can I change my reservation from 4 nights for Dr. Dave Rios DVM?,modify_booking
Is Room Type A available at City Hotel for Sarah Jones?,availability
Can I reserve a room for Sarah Jones for 4 nights?,book_room
How much is Room Type A at rate 99.45 per night?,room_price
Is BB meal package included for Sarah Jones's room?,breakfast
Do you provide 0 parking space for reservation under Sarah Jones?,parking
Is parking space available at City Hotel for guest 377-154-4073?,parking
Can I cancel my booking under Sarah Jones?,cancel_booking
Check reservation status for Sarah Jones with status Canceled,booking_status
Is booking status for Sarah Jones confirmed at City Hotel?,booking_status
What payment methods do you accept for No Deposit booking under Sarah Jones?,payment
"Does City Hotel feature a swimming pool, spa and gym for Sarah Jones?",hotel_facilities
What are the check-in times at City Hotel for arrival on 10 August?,checkin_checkout
Can guest Sarah Jones request early check-in or late check-out at City Hotel?,checkin_checkout
I want to modify booking dates for guest Sarah Jones at City Hotel,modify_booking
Can I change my reservation from 4 nights for Sarah Jones?,modify_booking
Is Room Type A available at City Hotel for Jonathan Medina?,availability
Do you have room availability for 2 adults in May 2017?,availability
Can I reserve a room for Jonathan Medina for 2 nights?,book_room
How much is Room Type A at rate 128.0 per night?,room_price
Is BB meal package included for Jonathan Medina's room?,breakfast
Do you provide 0 parking space for reservation under Jonathan Medina?,parking
Is parking space available at City Hotel for guest 210-170-9594?,parking
Can I cancel my booking under Jonathan Medina?,cancel_booking
Check reservation status for Jonathan Medina with status Canceled,booking_status
Is booking status for Jonathan Medina confirmed at City Hotel?,booking_status
What payment methods do you accept for Non Refund booking under Jonathan Medina?,payment
"Does City Hotel feature a swimming pool, spa and gym for Jonathan Medina?",hotel_facilities
What are the check-in times at City Hotel for arrival on 22 May?,checkin_checkout
Can guest Jonathan Medina request early check-in or late check-out at City Hotel?,checkin_checkout
I want to modify booking dates for guest Jonathan Medina at City Hotel,modify_booking
Can I change my reservation from 2 nights for Jonathan Medina?,modify_booking
Is Room Type A available at City Hotel for Jean Lane?,availability
Can I reserve a room for Jean Lane for 2 nights?,book_room
How much is Room Type A at rate 62.0 per night?,room_price
Is BB meal package included for Jean Lane's room?,breakfast
Do you provide 0 parking space for reservation under Jean Lane?,parking
Is parking space available at City Hotel for guest 438-325-9455?,parking
Can I cancel my booking under Jean Lane?,cancel_booking
Check reservation status for Jean Lane with status Canceled,booking_status
Is booking status for Jean Lane confirmed at City Hotel?,booking_status
What payment methods do you accept for Non Refund booking under Jean Lane?,payment
What facilities are available at City Hotel for Contract guests?,hotel_facilities
"Does City Hotel feature a swimming pool, spa and gym for Jean Lane?",hotel_facilities
What are the check-in times at City Hotel for arrival on 12 October?,checkin_checkout
Can guest Jean Lane request early check-in or late check-out at City Hotel?,checkin_checkout
I want to modify booking dates for guest Jean Lane at City Hotel,modify_booking
Can I change my reservation from 2 nights for Jean Lane?,modify_booking
Is Room Type A available at Resort Hotel for Daniel Campbell?,availability
Can I reserve a room for Daniel Campbell for 2 nights?,book_room
How much is Room Type A at rate 46.0 per night?,room_price
Is BB meal package included for Daniel Campbell's room?,breakfast
Do you provide 0 parking space for reservation under Daniel Campbell?,parking
Is parking space available at Resort Hotel for guest 177-409-0672?,parking
Can I cancel my booking under Daniel Campbell?,cancel_booking
What is the cancellation policy for Non Refund reservation at Resort Hotel?,cancel_booking
Check reservation status for Daniel Campbell with status Canceled,booking_status
Is booking status for Daniel Campbell confirmed at Resort Hotel?,booking_status
What payment methods do you accept for Non Refund booking under Daniel Campbell?,payment
"Does Resort Hotel feature a swimming pool, spa and gym for Daniel Campbell?",hotel_facilities
What are the check-in times at Resort Hotel for arrival on 1 November?,checkin_checkout
Can guest Daniel Campbell request early check-in or late check-out at Resort Hotel?,checkin_checkout
I want to modify booking dates for guest Daniel Campbell at Resort Hotel,modify_booking
Can I change my reservation from 2 nights for Daniel Campbell?,modify_booking
Is Room Type A available at City Hotel for Heather Weber?,availability
Do you have room availability for 2 adults in January 2016?,availability
Can I reserve a room for Heather Weber for 3 nights?,book_room
How much is Room Type A at rate 64.0 per night?,room_price
What is the average daily rate for City Hotel in January?,room_price
Is BB meal package included for Heather Weber's room?,breakfast
Do you provide 0 parking space for reservation under Heather Weber?,parking
Is parking space available at City Hotel for guest 647-435-1155?,parking
Can I cancel my booking under Heather Weber?,cancel_booking
Check reservation status for Heather Weber with status Check-Out,booking_status
Is booking status for Heather Weber confirmed at City Hotel?,booking_status
What payment methods do you accept for No Deposit booking under Heather Weber?,payment
"Does City Hotel feature a swimming pool, spa and gym for Heather Weber?",hotel_facilities
What are the check-in times at City Hotel for arrival on 24 January?,checkin_checkout
Can guest Heather Weber request early check-in or late check-out at City Hotel?,checkin_checkout
I want to modify booking dates for guest Heather Weber at City Hotel,modify_booking
Can I change my reservation from 3 nights for Heather Weber?,modify_booking
Is Room Type A available at Resort Hotel for David Valdez?,availability
Do you have room availability for 1 adults in December 2015?,availability
I want to book Room Type A for 1 guests at Resort Hotel,book_room
Can I reserve a room for David Valdez for 4 nights?,book_room
How much is Room Type A at rate 0.0 per night?,room_price
Is Undefined meal package included for David Valdez's room?,breakfast
Do you provide 0 parking space for reservation under David Valdez?,parking
Is parking space available at Resort Hotel for guest 177-969-5706?,parking
Can I cancel my booking under David Valdez?,cancel_booking
Check reservation status for David Valdez with status Check-Out,booking_status
Is booking status for David Valdez confirmed at Resort Hotel?,booking_status
What payment methods do you accept for No Deposit booking under David Valdez?,payment
"Does Resort Hotel feature a swimming pool, spa and gym for David Valdez?",hotel_facilities
What are the check-in times at Resort Hotel for arrival on 30 December?,checkin_checkout
Can guest David Valdez request early check-in or late check-out at Resort Hotel?,checkin_checkout
I want to modify booking dates for guest David Valdez at Resort Hotel,modify_booking
Can I change my reservation from 4 nights for David Valdez?,modify_booking
Is Room Type A available at City Hotel for Anna Martin?,availability
Do you have room availability for 2 adults in August 2015?,availability
Can I reserve a room for Anna Martin for 4 nights?,book_room
Is BB meal package included for Anna Martin's room?,breakfast
Do you provide 0 parking space for reservation under Anna Martin?,parking
Is parking space available at City Hotel for guest 753-014-2396?,parking
Can I cancel my booking under Anna Martin?,cancel_booking
Check reservation status for Anna Martin with status Check-Out,booking_status
Is booking status for Anna Martin confirmed at City Hotel?,booking_status
What payment methods do you accept for No Deposit booking under Anna Martin?,payment
"Does City Hotel feature a swimming pool, spa and gym for Anna Martin?",hotel_facilities
What are the check-in times at City Hotel for arrival on 25 August?,checkin_checkout
Can guest Anna Martin request early check-in or late check-out at City Hotel?,checkin_checkout
I want to modify booking dates for guest Anna Martin at City Hotel,modify_booking
Can I change my reservation from 4 nights for Anna Martin?,modify_booking
Is Room Type A available at City Hotel for Amber Davidson?,availability
Do you have room availability for 2 adults in July 2016?,availability
Can I reserve a room for Amber Davidson for 2 nights?,book_room
How much is Room Type A at rate 65.0 per night?,room_price
Is BB meal package included for Amber Davidson's room?,breakfast
Do you provide 0 parking space for reservation under Amber Davidson?,parking
Is parking space available at City Hotel for guest 806-610-6200?,parking
Can I cancel my booking under Amber Davidson?,cancel_booking
Check reservation status for Amber Davidson with status Canceled,booking_status
Is booking status for Amber Davidson confirmed at City Hotel?,booking_status
What payment methods do you accept for Non Refund booking under Amber Davidson?,payment
"Does City Hotel feature a swimming pool, spa and gym for Amber Davidson?",hotel_facilities
What are the check-in times at City Hotel for arrival on 1 July?,checkin_checkout
Can guest Amber Davidson request early check-in or late check-out at City Hotel?,checkin_checkout
I want to modify booking dates for guest Amber Davidson at City Hotel,modify_booking
Can I change my reservation from 2 nights for Amber Davidson?,modify_booking
Is Room Type A available at City Hotel for Mr. Michael Delgado?,availability
Can I reserve a room for Mr. Michael Delgado for 6 nights?,book_room
How much is Room Type A at rate 123.33 per night?,room_price
Is BB meal package included for Mr. Michael Delgado's room?,breakfast
Do you provide 0 parking space for reservation under Mr. Michael Delgado?,parking
Is parking space available at City Hotel for guest 663-816-3325?,parking
Can I cancel my booking under Mr. Michael Delgado?,cancel_booking
Check reservation status for Mr. Michael Delgado with status Check-Out,booking_status
Is booking status for Mr. Michael Delgado confirmed at City Hotel?,booking_status
What payment methods do you accept for No Deposit booking under Mr. Michael Delgado?,payment
"Does City Hotel feature a swimming pool, spa and gym for Mr. Michael Delgado?",hotel_facilities
What are the check-in times at City Hotel for arrival on 4 October?,checkin_checkout
Can guest Mr. Michael Delgado request early check-in or late check-out at City Hotel?,checkin_checkout
I want to modify booking dates for guest Mr. Michael Delgado at City Hotel,modify_booking
Can I change my reservation from 6 nights for Mr. Michael Delgado?,modify_booking
Is Room Type D available at City Hotel for Aaron Saunders MD?,availability
Do you have room availability for 2 adults in February 2016?,availability
Can I reserve a room for Aaron Saunders MD for 3 nights?,book_room
How much is Room Type D at rate 90.3 per night?,room_price
Is BB meal package included for Aaron Saunders MD's room?,breakfast
Do you provide 0 parking space for reservation under Aaron Saunders MD?,parking
Is parking space available at City Hotel for guest 272-215-2916?,parking
Can I cancel my booking under Aaron Saunders MD?,cancel_booking
Check reservation status for Aaron Saunders MD with status Check-Out,booking_status
Is booking status for Aaron Saunders MD confirmed at City Hotel?,booking_status
What payment methods do you accept for No Deposit booking under Aaron Saunders MD?,payment
"Does City Hotel feature a swimming pool, spa and gym for Aaron Saunders MD?",hotel_facilities
What are the check-in times at City Hotel for arrival on 18 February?,checkin_checkout
Can guest Aaron Saunders MD request early check-in or late check-out at City Hotel?,checkin_checkout
I want to modify booking dates for guest Aaron Saunders MD at City Hotel,modify_booking
Can I change my reservation from 3 nights for Aaron Saunders MD?,modify_booking
Is Room Type A available at City Hotel for David Turner?,availability
Do you have room availability for 1 adults in September 2015?,availability
Can I reserve a room for David Turner for 3 nights?,book_room
How much is Room Type A at rate 80.75 per night?,room_price
What is the average daily rate for City Hotel in September?,room_price
Is BB meal package included for David Turner's room?,breakfast
Do you provide 0 parking space for reservation under David Turner?,parking
Is parking space available at City Hotel for guest 311-041-2335?,parking
Can I cancel my booking under David Turner?,cancel_booking
Check reservation status for David Turner with status Check-Out,booking_status
Is booking status for David Turner confirmed at City Hotel?,booking_status
What payment methods do you accept for No Deposit booking under David Turner?,payment
"Does City Hotel feature a swimming pool, spa and gym for David Turner?",hotel_facilities
What are the check-in times at City Hotel for arrival on 14 September?,checkin_checkout
Can guest David Turner request early check-in or late check-out at City Hotel?,checkin_checkout
I want to modify booking dates for guest David Turner at City Hotel,modify_booking
Can I change my reservation from 3 nights for David Turner?,modify_booking
Is Room Type A available at City Hotel for Adam Reyes?,availability
Do you have room availability for 2 adults in September 2016?,availability
Can I reserve a room for Adam Reyes for 1 nights?,book_room
How much is Room Type A at rate 126.0 per night?,room_price
Is BB meal package included for Adam Reyes's room?,breakfast
Do you provide 0 parking space for reservation under Adam Reyes?,parking
Is parking space available at City Hotel for guest 961-368-8336?,parking
Can I cancel my booking under Adam Reyes?,cancel_booking
Check reservation status for Adam Reyes with status Check-Out,booking_status
Is booking status for Adam Reyes confirmed at City Hotel?,booking_status
What payment methods do you accept for No Deposit booking under Adam Reyes?,payment
"Does City Hotel feature a swimming pool, spa and gym for Adam Reyes?",hotel_facilities
What are the check-in times at City Hotel for arrival on 27 September?,checkin_checkout
Can guest Adam Reyes request early check-in or late check-out at City Hotel?,checkin_checkout
I want to modify booking dates for guest Adam Reyes at City Hotel,modify_booking
Can I change my reservation from 1 nights for Adam Reyes?,modify_booking
Is Room Type F available at City Hotel for Danielle Wolfe?,availability
I want to book Room Type F for 2 guests at City Hotel,book_room
Can I reserve a room for Danielle Wolfe for 3 nights?,book_room
How much is Room Type F at rate 168.3 per night?,room_price
Is BB meal package included for Danielle Wolfe's room?,breakfast
Do you provide 0 parking space for reservation under Danielle Wolfe?,parking
Is parking space available at City Hotel for guest 131-807-9876?,parking
Can I cancel my booking under Danielle Wolfe?,cancel_booking
Check reservation status for Danielle Wolfe with status Check-Out,booking_status
Is booking status for Danielle Wolfe confirmed at City Hotel?,booking_status
What payment methods do you accept for No Deposit booking under Danielle Wolfe?,payment
"Does City Hotel feature a swimming pool, spa and gym for Danielle Wolfe?",hotel_facilities
Can guest Danielle Wolfe request early check-in or late check-out at City Hotel?,checkin_checkout
I want to modify booking dates for guest Danielle Wolfe at City Hotel,modify_booking
Can I change my reservation from 3 nights for Danielle Wolfe?,modify_booking
Is Room Type A available at City Hotel for Pamela Matthews?,availability
Do you have room availability for 1 adults in December 2016?,availability
Can I reserve a room for Pamela Matthews for 4 nights?,book_room
How much is Room Type A at rate 79.9 per night?,room_price
Is BB meal package included for Pamela Matthews's room?,breakfast
Do you provide 0 parking space for reservation under Pamela Matthews?,parking
Is parking space available at City Hotel for guest 499-731-5410?,parking
Can I cancel my booking under Pamela Matthews?,cancel_booking
Check reservation status for Pamela Matthews with status Check-Out,booking_status
Is booking status for Pamela Matthews confirmed at City Hotel?,booking_status
What payment methods do you accept for No Deposit booking under Pamela Matthews?,payment
"Does City Hotel feature a swimming pool, spa and gym for Pamela Matthews?",hotel_facilities
What are the check-in times at City Hotel for arrival on 13 December?,checkin_checkout
Can guest Pamela Matthews request early check-in or late check-out at City Hotel?,checkin_checkout
I want to modify booking dates for guest Pamela Matthews at City Hotel,modify_booking
Can I change my reservation from 4 nights for Pamela Matthews?,modify_booking
Is Room Type A available at City Hotel for Angela Stewart?,availability
Can I reserve a room for Angela Stewart for 2 nights?,book_room
How much is Room Type A at rate 115.0 per night?,room_price
Is HB meal package included for Angela Stewart's room?,breakfast
Do you provide 0 parking space for reservation under Angela Stewart?,parking
Is parking space available at City Hotel for guest 604-001-0572?,parking
Can I cancel my booking under Angela Stewart?,cancel_booking
Check reservation status for Angela Stewart with status Check-Out,booking_status
Is booking status for Angela Stewart confirmed at City Hotel?,booking_status
What payment methods do you accept for No Deposit booking under Angela Stewart?,payment
"Does City Hotel feature a swimming pool, spa and gym for Angela Stewart?",hotel_facilities
What are the check-in times at City Hotel for arrival on 23 October?,checkin_checkout
Can guest Angela Stewart request early check-in or late check-out at City Hotel?,checkin_checkout
I want to modify booking dates for guest Angela Stewart at City Hotel,modify_booking
Can I change my reservation from 2 nights for Angela Stewart?,modify_booking
Is Room Type A available at Resort Hotel for Patrick Harris?,availability
Can I reserve a room for Patrick Harris for 2 nights?,book_room
Is BB meal package included for Patrick Harris's room?,breakfast
Do you provide 0 parking space for reservation under Patrick Harris?,parking
Is parking space available at Resort Hotel for guest 186-154-9393?,parking
Can I cancel my booking under Patrick Harris?,cancel_booking
Check reservation status for Patrick Harris with status Check-Out,booking_status
Is booking status for Patrick Harris confirmed at Resort Hotel?,booking_status
What payment methods do you accept for No Deposit booking under Patrick Harris?,payment
"Does Resort Hotel feature a swimming pool, spa and gym for Patrick Harris?",hotel_facilities
What are the check-in times at Resort Hotel for arrival on 13 September?,checkin_checkout
Can guest Patrick Harris request early check-in or late check-out at Resort Hotel?,checkin_checkout
I want to modify booking dates for guest Patrick Harris at Resort Hotel,modify_booking
Can I change my reservation from 2 nights for Patrick Harris?,modify_booking
Is Room Type D available at City Hotel for Edward Perkins?,availability
Can I reserve a room for Edward Perkins for 5 nights?,book_room
How much is Room Type D at rate 110.15 per night?,room_price
Is BB meal package included for Edward Perkins's room?,breakfast
Do you provide 0 parking space for reservation under Edward Perkins?,parking
Is parking space available at City Hotel for guest 149-720-6566?,parking
Can I cancel my booking under Edward Perkins?,cancel_booking
Check reservation status for Edward Perkins with status Check-Out,booking_status
Is booking status for Edward Perkins confirmed at City Hotel?,booking_status
What payment methods do you accept for No Deposit booking under Edward Perkins?,payment
"Does City Hotel feature a swimming pool, spa and gym for Edward Perkins?",hotel_facilities
What are the check-in times at City Hotel for arrival on 20 March?,checkin_checkout
Can guest Edward Perkins request early check-in or late check-out at City Hotel?,checkin_checkout
I want to modify booking dates for guest Edward Perkins at City Hotel,modify_booking
Can I change my reservation from 5 nights for Edward Perkins?,modify_booking
Is Room Type D available at City Hotel for Melissa Hayes?,availability
Can I reserve a room for Melissa Hayes for 3 nights?,book_room
How much is Room Type D at rate 156.67 per night?,room_price
Is BB meal package included for Melissa Hayes's room?,breakfast
Do you provide 0 parking space for reservation under Melissa Hayes?,parking
Is parking space available at City Hotel for guest 410-642-2537?,parking
Can I cancel my booking under Melissa Hayes?,cancel_booking
Check reservation status for Melissa Hayes with status Check-Out,booking_status
Is booking status for Melissa Hayes confirmed at City Hotel?,booking_status
What payment methods do you accept for No Deposit booking under Melissa Hayes?,payment
"Does City Hotel feature a swimming pool, spa and gym for Melissa Hayes?",hotel_facilities
What are the check-in times at City Hotel for arrival on 21 April?,checkin_checkout
Can guest Melissa Hayes request early check-in or late check-out at City Hotel?,checkin_checkout
I want to modify booking dates for guest Melissa Hayes at City Hotel,modify_booking
Can I change my reservation from 3 nights for Melissa Hayes?,modify_booking
Is Room Type E available at Resort Hotel for Andrew Banks?,availability
Can I reserve a room for Andrew Banks for 11 nights?,book_room
How much is Room Type E at rate 192.73 per night?,room_price
What is the average daily rate for Resort Hotel in August?,room_price
Is HB meal package included for Andrew Banks's room?,breakfast
Do you provide 0 parking space for reservation under Andrew Banks?,parking
Is parking space available at Resort Hotel for guest 584-359-6335?,parking
Can I cancel my booking under Andrew Banks?,cancel_booking
Check reservation status for Andrew Banks with status Canceled,booking_status
Is booking status for Andrew Banks confirmed at Resort Hotel?,booking_status
What payment methods do you accept for No Deposit booking under Andrew Banks?,payment
"Does Resort Hotel feature a swimming pool, spa and gym for Andrew Banks?",hotel_facilities
What are the check-in times at Resort Hotel for arrival on 22 August?,checkin_checkout
Can guest Andrew Banks request early check-in or late check-out at Resort Hotel?,checkin_checkout
I want to modify booking dates for guest Andrew Banks at Resort Hotel,modify_booking
Can I change my reservation from 11 nights for Andrew Banks?,modify_booking
Is Room Type A available at City Hotel for Brandon Benson?,availability
Do you have room availability for 1 adults in June 2016?,availability
Can I reserve a room for Brandon Benson for 2 nights?,book_room
How much is Room Type A at rate 113.0 per night?,room_price
What is the average daily rate for City Hotel in June?,room_price
Is SC meal package included for Brandon Benson's room?,breakfast
Do you provide 0 parking space for reservation under Brandon Benson?,parking
Is parking space available at City Hotel for guest 419-694-7466?,parking
Can I cancel my booking under Brandon Benson?,cancel_booking
Check reservation status for Brandon Benson with status Check-Out,booking_status
Is booking status for Brandon Benson confirmed at City Hotel?,booking_status
What payment methods do you accept for No Deposit booking under Brandon Benson?,payment
"Does City Hotel feature a swimming pool, spa and gym for Brandon Benson?",hotel_facilities
What are the check-in times at City Hotel for arrival on 26 June?,checkin_checkout
Can guest Brandon Benson request early check-in or late check-out at City Hotel?,checkin_checkout
I want to modify booking dates for guest Brandon Benson at City Hotel,modify_booking
Can I change my reservation from 2 nights for Brandon Benson?,modify_booking
Is Room Type A available at City Hotel for Dustin Wheeler?,availability
Can I reserve a room for Dustin Wheeler for 3 nights?,book_room
How much is Room Type A at rate 85.5 per night?,room_price
Is BB meal package included for Dustin Wheeler's room?,breakfast
Do you provide 0 parking space for reservation under Dustin Wheeler?,parking
Is parking space available at City Hotel for guest 957-931-8739?,parking
Can I cancel my booking under Dustin Wheeler?,cancel_booking
Check reservation status for Dustin Wheeler with status Check-Out,booking_status
Is booking status for Dustin Wheeler confirmed at City Hotel?,booking_status
What payment methods do you accept for No Deposit booking under Dustin Wheeler?,payment
"Does City Hotel feature a swimming pool, spa and gym for Dustin Wheeler?",hotel_facilities
What are the check-in times at City Hotel for arrival on 29 May?,checkin_checkout
Can guest Dustin Wheeler request early check-in or late check-out at City Hotel?,checkin_checkout
I want to modify booking dates for guest Dustin Wheeler at City Hotel,modify_booking
Can I change my reservation from 3 nights for Dustin Wheeler?,modify_booking
Is Room Type A available at City Hotel for Robert Griffin?,availability
Can I reserve a room for Robert Griffin for 2 nights?,book_room
How much is Room Type A at rate 78.0 per night?,room_price
Is SC meal package included for Robert Griffin's room?,breakfast
Do you provide 0 parking space for reservation under Robert Griffin?,parking
Is parking space available at City Hotel for guest 971-011-9578?,parking
Can I cancel my booking under Robert Griffin?,cancel_booking
Check reservation status for Robert Griffin with status Check-Out,booking_status
Is booking status for Robert Griffin confirmed at City Hotel?,booking_status
What payment methods do you accept for No Deposit booking under Robert Griffin?,payment
"Does City Hotel feature a swimming pool, spa and gym for Robert Griffin?",hotel_facilities
What are the check-in times at City Hotel for arrival on 17 December?,checkin_checkout
Can guest Robert Griffin request early check-in or late check-out at City Hotel?,checkin_checkout
I want to modify booking dates for guest Robert Griffin at City Hotel,modify_booking
Can I change my reservation from 2 nights for Robert Griffin?,modify_booking
Is Room Type A available at City Hotel for Samantha Pineda?,availability
Can I reserve a room for Samantha Pineda for 2 nights?,book_room
Is BB meal package included for Samantha Pineda's room?,breakfast
Do you provide 0 parking space for reservation under Samantha Pineda?,parking
Is parking space available at City Hotel for guest 845-862-1969?,parking
Can I cancel my booking under Samantha Pineda?,cancel_booking
Check reservation status for Samantha Pineda with status Check-Out,booking_status
Is booking status for Samantha Pineda confirmed at City Hotel?,booking_status
What payment methods do you accept for No Deposit booking under Samantha Pineda?,payment
"Does City Hotel feature a swimming pool, spa and gym for Samantha Pineda?",hotel_facilities
Can guest Samantha Pineda request early check-in or late check-out at City Hotel?,checkin_checkout
I want to modify booking dates for guest Samantha Pineda at City Hotel,modify_booking
Can I change my reservation from 2 nights for Samantha Pineda?,modify_booking
Is Room Type A available at City Hotel for Autumn Dunlap MD?,availability
Can I reserve a room for Autumn Dunlap MD for 3 nights?,book_room
How much is Room Type A at rate 70.0 per night?,room_price
Is BB meal package included for Autumn Dunlap MD's room?,breakfast
Do you provide 0 parking space for reservation under Autumn Dunlap MD?,parking
Is parking space available at City Hotel for guest 843-820-3259?,parking
Can I cancel my booking under Autumn Dunlap MD?,cancel_booking
Check reservation status for Autumn Dunlap MD with status Canceled,booking_status
Is booking status for Autumn Dunlap MD confirmed at City Hotel?,booking_status
What payment methods do you accept for No Deposit booking under Autumn Dunlap MD?,payment
"Does City Hotel feature a swimming pool, spa and gym for Autumn Dunlap MD?",hotel_facilities
What are the check-in times at City Hotel for arrival on 30 December?,checkin_checkout
Can guest Autumn Dunlap MD request early check-in or late check-out at City Hotel?,checkin_checkout
I want to modify booking dates for guest Autumn Dunlap MD at City Hotel,modify_booking
Can I change my reservation from 3 nights for Autumn Dunlap MD?,modify_booking
Is Room Type A available at Resort Hotel for Sara Young?,availability
Do you have room availability for 3 adults in May 2016?,availability
I want to book Room Type A for 3 guests at Resort Hotel,book_room
Can I reserve a room for Sara Young for 7 nights?,book_room
What is the average daily rate for Resort Hotel in May?,room_price
Is BB meal package included for Sara Young's room?,breakfast
Do you provide 0 parking space for reservation under Sara Young?,parking
Is parking space available at Resort Hotel for guest 675-391-8701?,parking
Can I cancel my booking under Sara Young?,cancel_booking
Check reservation status for Sara Young with status Check-Out,booking_status
Is booking status for Sara Young confirmed at Resort Hotel?,booking_status
What payment methods do you accept for No Deposit booking under Sara Young?,payment
"Does Resort Hotel feature a swimming pool, spa and gym for Sara Young?",hotel_facilities
What are the check-in times at Resort Hotel for arrival on 19 May?,checkin_checkout
Can guest Sara Young request early check-in or late check-out at Resort Hotel?,checkin_checkout
I want to modify booking dates for guest Sara Young at Resort Hotel,modify_booking
Can I change my reservation from 7 nights for Sara Young?,modify_booking
Is Room Type A available at City Hotel for Michael Coleman?,availability
Can I reserve a room for Michael Coleman for 4 nights?,book_room
Is BB meal package included for Michael Coleman's room?,breakfast
Do you provide 0 parking space for reservation under Michael Coleman?,parking
Is parking space available at City Hotel for guest 399-167-4305?,parking
Can I cancel my booking under Michael Coleman?,cancel_booking
Check reservation status for Michael Coleman with status Canceled,booking_status
Is booking status for Michael Coleman confirmed at City Hotel?,booking_status
What payment methods do you accept for No Deposit booking under Michael Coleman?,payment
"Does City Hotel feature a swimming pool, spa and gym for Michael Coleman?",hotel_facilities
What are the check-in times at City Hotel for arrival on 18 July?,checkin_checkout
Can guest Michael Coleman request early check-in or late check-out at City Hotel?,checkin_checkout
I want to modify booking dates for guest Michael Coleman at City Hotel,modify_booking
Can I change my reservation from 4 nights for Michael Coleman?,modify_booking
Is Room Type A available at City Hotel for Zachary Mathews?,availability
Can I reserve a room for Zachary Mathews for 2 nights?,book_room
How much is Room Type A at rate 89.1 per night?,room_price
Is SC meal package included for Zachary Mathews's room?,breakfast
Do you provide 0 parking space for reservation under Zachary Mathews?,parking
Is parking space available at City Hotel for guest 537-348-4261?,parking
Can I cancel my booking under Zachary Mathews?,cancel_booking
Check reservation status for Zachary Mathews with status Canceled,booking_status
Is booking status for Zachary Mathews confirmed at City Hotel?,booking_status
What payment methods do you accept for No Deposit booking under Zachary Mathews?,payment
"Does City Hotel feature a swimming pool, spa and gym for Zachary Mathews?",hotel_facilities
What are the check-in times at City Hotel for arrival on 17 July?,checkin_checkout
Can guest Zachary Mathews request early check-in or late check-out at City Hotel?,checkin_checkout
I want to modify booking dates for guest Zachary Mathews at City Hotel,modify_booking
Can I change my reservation from 2 nights for Zachary Mathews?,modify_booking
Is Room Type E available at Resort Hotel for Jessica Hart?,availability
Can I reserve a room for Jessica Hart for 5 nights?,book_room
How much is Room Type E at rate 107.0 per night?,room_price
Is BB meal package included for Jessica Hart's room?,breakfast
Do you provide 0 parking space for reservation under Jessica Hart?,parking
Is parking space available at Resort Hotel for guest 848-898-2512?,parking
Can I cancel my booking under Jessica Hart?,cancel_booking
Check reservation status for Jessica Hart with status Canceled,booking_status
Is booking status for Jessica Hart confirmed at Resort Hotel?,booking_status
What payment methods do you accept for No Deposit booking under Jessica Hart?,payment
"Does Resort Hotel feature a swimming pool, spa and gym for Jessica Hart?",hotel_facilities
What are the check-in times at Resort Hotel for arrival on 30 September?,checkin_checkout
Can guest Jessica Hart request early check-in or late check-out at Resort Hotel?,checkin_checkout
I want to modify booking dates for guest Jessica Hart at Resort Hotel,modify_booking
Can I change my reservation from 5 nights for Jessica Hart?,modify_booking
Is Room Type G available at Resort Hotel for Laura Herrera?,availability
I want to book Room Type G for 2 guests at Resort Hotel,book_room
Can I reserve a room for Laura Herrera for 2 nights?,book_room
How much is Room Type G at rate 79.0 per night?,room_price
What is the average daily rate for Resort Hotel in January?,room_price
Is BB meal package included for Laura Herrera's room?,breakfast
What breakfast package is available for Room Type G?,breakfast
Do you provide 0 parking space for reservation under Laura Herrera?,parking
Is parking space available at Resort Hotel for guest 860-327-2824?,parking
Can I cancel my booking under Laura Herrera?,cancel_booking
Check reservation status for Laura Herrera with status Check-Out,booking_status
Is booking status for Laura Herrera confirmed at Resort Hotel?,booking_status
What payment methods do you accept for No Deposit booking under Laura Herrera?,payment
Do I need to pay deposit No Deposit for Room Type G?,payment
"Does Resort Hotel feature a swimming pool, spa and gym for Laura Herrera?",hotel_facilities
What are the check-in times at Resort Hotel for arrival on 14 January?,checkin_checkout
Can guest Laura Herrera request early check-in or late check-out at Resort Hotel?,checkin_checkout
I want to modify booking dates for guest Laura Herrera at Resort Hotel,modify_booking
Can I change my reservation from 2 nights for Laura Herrera?,modify_booking
Is Room Type A available at Resort Hotel for Patricia Guzman?,availability
Can I reserve a room for Patricia Guzman for 3 nights?,book_room
How much is Room Type A at rate 64.8 per night?,room_price
What is the average daily rate for Resort Hotel in July?,room_price
Is BB meal package included for Patricia Guzman's room?,breakfast
Do you provide 0 parking space for reservation under Patricia Guzman?,parking
Is parking space available at Resort Hotel for guest 848-307-3960?,parking
Can I cancel my booking under Patricia Guzman?,cancel_booking
Check reservation status for Patricia Guzman with status Check-Out,booking_status
Is booking status for Patricia Guzman confirmed at Resort Hotel?,booking_status
What payment methods do you accept for No Deposit booking under Patricia Guzman?,payment
"Does Resort Hotel feature a swimming pool, spa and gym for Patricia Guzman?",hotel_facilities
What are the check-in times at Resort Hotel for arrival on 11 July?,checkin_checkout
Can guest Patricia Guzman request early check-in or late check-out at Resort Hotel?,checkin_checkout
I want to modify booking dates for guest Patricia Guzman at Resort Hotel,modify_booking
Can I change my reservation from 3 nights for Patricia Guzman?,modify_booking
Is Room Type B available at City Hotel for Shelly Morales?,availability
I want to book Room Type B for 2 guests at City Hotel,book_room
Can I reserve a room for Shelly Morales for 4 nights?,book_room
How much is Room Type B at rate 72.5 per night?,room_price
Is BB meal package included for Shelly Morales's room?,breakfast
What breakfast package is available for Room Type B?,breakfast
Do you provide 0 parking space for reservation under Shelly Morales?,parking
Is parking space available at City Hotel for guest 250-954-6595?,parking
Can I cancel my booking under Shelly Morales?,cancel_booking
Check reservation status for Shelly Morales with status Canceled,booking_status
Is booking status for Shelly Morales confirmed at City Hotel?,booking_status
What payment methods do you accept for No Deposit booking under Shelly Morales?,payment
Do I need to pay deposit No Deposit for Room Type B?,payment
"Does City Hotel feature a swimming pool, spa and gym for Shelly Morales?",hotel_facilities
What are the check-in times at City Hotel for arrival on 29 December?,checkin_checkout
Can guest Shelly Morales request early check-in or late check-out at City Hotel?,checkin_checkout
I want to modify booking dates for guest Shelly Morales at City Hotel,modify_booking
Can I change my reservation from 4 nights for Shelly Morales?,modify_booking
Is Room Type A available at City Hotel for Arthur Cherry?,availability
Can I reserve a room for Arthur Cherry for 2 nights?,book_room
How much is Room Type A at rate 101.5 per night?,room_price
Is HB meal package included for Arthur Cherry's room?,breakfast
Do you provide 0 parking space for reservation under Arthur Cherry?,parking
Is parking space available at City Hotel for guest 487-652-4376?,parking
Can I cancel my booking under Arthur Cherry?,cancel_booking
Check reservation status for Arthur Cherry with status Canceled,booking_status
Is booking status for Arthur Cherry confirmed at City Hotel?,booking_status
What payment methods do you accept for Non Refund booking under Arthur Cherry?,payment
"Does City Hotel feature a swimming pool, spa and gym for Arthur Cherry?",hotel_facilities
Can guest Arthur Cherry request early check-in or late check-out at City Hotel?,checkin_checkout
I want to modify booking dates for guest Arthur Cherry at City Hotel,modify_booking
Can I change my reservation from 2 nights for Arthur Cherry?,modify_booking
Is Room Type A available at City Hotel for Deborah Steele?,availability
Can I reserve a room for Deborah Steele for 1 nights?,book_room
Is BB meal package included for Deborah Steele's room?,breakfast
Do you provide 0 parking space for reservation under Deborah Steele?,parking
Is parking space available at City Hotel for guest 259-455-3330?,parking
Can I cancel my booking under Deborah Steele?,cancel_booking
Check reservation status for Deborah Steele with status Check-Out,booking_status
Is booking status for Deborah Steele confirmed at City Hotel?,booking_status
What payment methods do you accept for No Deposit booking under Deborah Steele?,payment
"Does City Hotel feature a swimming pool, spa and gym for Deborah Steele?",hotel_facilities
What are the check-in times at City Hotel for arrival on 11 December?,checkin_checkout
Can guest Deborah Steele request early check-in or late check-out at City Hotel?,checkin_checkout
I want to modify booking dates for guest Deborah Steele at City Hotel,modify_booking
Can I change my reservation from 1 nights for Deborah Steele?,modify_booking
Is Room Type A available at City Hotel for Jennifer Kim?,availability
Do you have room availability for 2 adults in January 2017?,availability
Can I reserve a room for Jennifer Kim for 4 nights?,book_room
How much is Room Type A at rate 90.1 per night?,room_price
Is BB meal package included for Jennifer Kim's room?,breakfast
Do you provide 0 parking space for reservation under Jennifer Kim?,parking
Is parking space available at City Hotel for guest 262-122-3847?,parking
Can I cancel my booking under Jennifer Kim?,cancel_booking
Check reservation status for Jennifer Kim with status Canceled,booking_status
Is booking status for Jennifer Kim confirmed at City Hotel?,booking_status
What payment methods do you accept for No Deposit booking under Jennifer Kim?,payment
"Does City Hotel feature a swimming pool, spa and gym for Jennifer Kim?",hotel_facilities
What are the check-in times at City Hotel for arrival on 2 January?,checkin_checkout
Can guest Jennifer Kim request early check-in or late check-out at City Hotel?,checkin_checkout
I want to modify booking dates for guest Jennifer Kim at City Hotel,modify_booking
Can I change my reservation from 4 nights for Jennifer Kim?,modify_booking
Is Room Type A available at City Hotel for Madeline Lane?,availability
Can I reserve a room for Madeline Lane for 2 nights?,book_room
Is BB meal package included for Madeline Lane's room?,breakfast
Do you provide 0 parking space for reservation under Madeline Lane?,parking
Is parking space available at City Hotel for guest 420-913-6464?,parking
Can I cancel my booking under Madeline Lane?,cancel_booking
Check reservation status for Madeline Lane with status Canceled,booking_status
Is booking status for Madeline Lane confirmed at City Hotel?,booking_status
What payment methods do you accept for Non Refund booking under Madeline Lane?,payment
"Does City Hotel feature a swimming pool, spa and gym for Madeline Lane?",hotel_facilities
Can guest Madeline Lane request early check-in or late check-out at City Hotel?,checkin_checkout
I want to modify booking dates for guest Madeline Lane at City Hotel,modify_booking
Can I change my reservation from 2 nights for Madeline Lane?,modify_booking
Is Room Type A available at City Hotel for Robert Ross?,availability
Do you have room availability for 2 adults in March 2017?,availability
Can I reserve a room for Robert Ross for 7 nights?,book_room
How much is Room Type A at rate 68.0 per night?,room_price
Is BB meal package included for Robert Ross's room?,breakfast
Do you provide 0 parking space for reservation under Robert Ross?,parking
Is parking space available at City Hotel for guest 188-443-9734?,parking
Can I cancel my booking under Robert Ross?,cancel_booking
Check reservation status for Robert Ross with status Check-Out,booking_status
Is booking status for Robert Ross confirmed at City Hotel?,booking_status
What payment methods do you accept for No Deposit booking under Robert Ross?,payment
"Does City Hotel feature a swimming pool, spa and gym for Robert Ross?",hotel_facilities
What are the check-in times at City Hotel for arrival on 16 March?,checkin_checkout
Can guest Robert Ross request early check-in or late check-out at City Hotel?,checkin_checkout
I want to modify booking dates for guest Robert Ross at City Hotel,modify_booking
Can I change my reservation from 7 nights for Robert Ross?,modify_booking
Is Room Type D available at Resort Hotel for Aaron Hall?,availability
Do you have room availability for 2 adults in August 2017?,availability
Can I reserve a room for Aaron Hall for 4 nights?,book_room
How much is Room Type D at rate 135.0 per night?,room_price
Is BB meal package included for Aaron Hall's room?,breakfast
Do you provide 0 parking space for reservation under Aaron Hall?,parking
Is parking space available at Resort Hotel for guest 438-300-9723?,parking
Can I cancel my booking under Aaron Hall?,cancel_booking
Check reservation status for Aaron Hall with status Canceled,booking_status
Is booking status for Aaron Hall confirmed at Resort Hotel?,booking_status
What payment methods do you accept for No Deposit booking under Aaron Hall?,payment
What facilities are available at Resort Hotel for Contract guests?,hotel_facilities
"Does Resort Hotel feature a swimming pool, spa and gym for Aaron Hall?",hotel_facilities
What are the check-in times at Resort Hotel for arrival on 26 August?,checkin_checkout
Can guest Aaron Hall request early check-in or late check-out at Resort Hotel?,checkin_checkout
I want to modify booking dates for guest Aaron Hall at Resort Hotel,modify_booking
Can I change my reservation from 4 nights for Aaron Hall?,modify_booking
Is Room Type A available at City Hotel for Stephen Hill?,availability
Can I reserve a room for Stephen Hill for 2 nights?,book_room
How much is Room Type A at rate 90.0 per night?,room_price
Is BB meal package included for Stephen Hill's room?,breakfast
Do you provide 0 parking space for reservation under Stephen Hill?,parking
Is parking space available at City Hotel for guest 233-610-7170?,parking
Can I cancel my booking under Stephen Hill?,cancel_booking
Check reservation status for Stephen Hill with status Canceled,booking_status
Is booking status for Stephen Hill confirmed at City Hotel?,booking_status
What payment methods do you accept for Non Refund booking under Stephen Hill?,payment
"Does City Hotel feature a swimming pool, spa and gym for Stephen Hill?",hotel_facilities
What are the check-in times at City Hotel for arrival on 8 December?,checkin_checkout
Can guest Stephen Hill request early check-in or late check-out at City Hotel?,checkin_checkout
I want to modify booking dates for guest Stephen Hill at City Hotel,modify_booking
Can I change my reservation from 2 nights for Stephen Hill?,modify_booking
Is Room Type A available at Resort Hotel for Eric Gibson?,availability
Do you have room availability for 2 adults in November 2015?,availability
Can I reserve a room for Eric Gibson for 7 nights?,book_room
How much is Room Type A at rate 61.2 per night?,room_price
Is HB meal package included for Eric Gibson's room?,breakfast
Do you provide 1 parking space for reservation under Eric Gibson?,parking
Is parking space available at Resort Hotel for guest 494-186-3140?,parking
Can I cancel my booking under Eric Gibson?,cancel_booking
Check reservation status for Eric Gibson with status Check-Out,booking_status
Is booking status for Eric Gibson confirmed at Resort Hotel?,booking_status
What payment methods do you accept for No Deposit booking under Eric Gibson?,payment
"Does Resort Hotel feature a swimming pool, spa and gym for Eric Gibson?",hotel_facilities
What are the check-in times at Resort Hotel for arrival on 9 November?,checkin_checkout
Can guest Eric Gibson request early check-in or late check-out at Resort Hotel?,checkin_checkout
I want to modify booking dates for guest Eric Gibson at Resort Hotel,modify_booking
Can I change my reservation from 7 nights for Eric Gibson?,modify_booking
Is Room Type A available at City Hotel for Donna Ingram?,availability
Can I reserve a room for Donna Ingram for 3 nights?,book_room
How much is Room Type A at rate 159.3 per night?,room_price
Is BB meal package included for Donna Ingram's room?,breakfast
Do you provide 0 parking space for reservation under Donna Ingram?,parking
Is parking space available at City Hotel for guest 816-190-9243?,parking
Can I cancel my booking under Donna Ingram?,cancel_booking
Check reservation status for Donna Ingram with status Check-Out,booking_status
Is booking status for Donna Ingram confirmed at City Hotel?,booking_status
What payment methods do you accept for No Deposit booking under Donna Ingram?,payment
"Does City Hotel feature a swimming pool, spa and gym for Donna Ingram?",hotel_facilities
What are the check-in times at City Hotel for arrival on 14 May?,checkin_checkout
Can guest Donna Ingram request early check-in or late check-out at City Hotel?,checkin_checkout
I want to modify booking dates for guest Donna Ingram at City Hotel,modify_booking
Can I change my reservation from 3 nights for Donna Ingram?,modify_booking
Is Room Type A available at Resort Hotel for Kimberly Mejia?,availability
Can I reserve a room for Kimberly Mejia for 2 nights?,book_room
How much is Room Type A at rate 89.0 per night?,room_price
Is BB meal package included for Kimberly Mejia's room?,breakfast
Do you provide 0 parking space for reservation under Kimberly Mejia?,parking
Is parking space available at Resort Hotel for guest 294-152-6537?,parking
Can I cancel my booking under Kimberly Mejia?,cancel_booking
Check reservation status for Kimberly Mejia with status Check-Out,booking_status
Is booking status for Kimberly Mejia confirmed at Resort Hotel?,booking_status
What payment methods do you accept for No Deposit booking under Kimberly Mejia?,payment
"Does Resort Hotel feature a swimming pool, spa and gym for Kimberly Mejia?",hotel_facilities
What are the check-in times at Resort Hotel for arrival on 20 May?,checkin_checkout
Can guest Kimberly Mejia request early check-in or late check-out at Resort Hotel?,checkin_checkout
I want to modify booking dates for guest Kimberly Mejia at Resort Hotel,modify_booking
Can I change my reservation from 2 nights for Kimberly Mejia?,modify_booking
Is Room Type A available at Resort Hotel for Lauren Jackson?,availability
Can I reserve a room for Lauren Jackson for 7 nights?,book_room
How much is Room Type A at rate 42.69 per night?,room_price
Is BB meal package included for Lauren Jackson's room?,breakfast
Do you provide 0 parking space for reservation under Lauren Jackson?,parking
Is parking space available at Resort Hotel for guest 956-945-9419?,parking
Can I cancel my booking under Lauren Jackson?,cancel_booking
Check reservation status for Lauren Jackson with status Canceled,booking_status
Is booking status for Lauren Jackson confirmed at Resort Hotel?,booking_status
What payment methods do you accept for No Deposit booking under Lauren Jackson?,payment
"Does Resort Hotel feature a swimming pool, spa and gym for Lauren Jackson?",hotel_facilities
What are the check-in times at Resort Hotel for arrival on 21 March?,checkin_checkout
Can guest Lauren Jackson request early check-in or late check-out at Resort Hotel?,checkin_checkout
I want to modify booking dates for guest Lauren Jackson at Resort Hotel,modify_booking
Can I change my reservation from 7 nights for Lauren Jackson?,modify_booking
Is Room Type A available at City Hotel for Bryan Lee?,availability
Can I reserve a room for Bryan Lee for 4 nights?,book_room
How much is Room Type A at rate 130.0 per night?,room_price
Is BB meal package included for Bryan Lee's room?,breakfast
Do you provide 0 parking space for reservation under Bryan Lee?,parking
Is parking space available at City Hotel for guest 192-313-4955?,parking
Can I cancel my booking under Bryan Lee?,cancel_booking
Check reservation status for Bryan Lee with status Canceled,booking_status
Is booking status for Bryan Lee confirmed at City Hotel?,booking_status
What payment methods do you accept for Non Refund booking under Bryan Lee?,payment
"Does City Hotel feature a swimming pool, spa and gym for Bryan Lee?",hotel_facilities
What are the check-in times at City Hotel for arrival on 1 May?,checkin_checkout
Can guest Bryan Lee request early check-in or late check-out at City Hotel?,checkin_checkout
I want to modify booking dates for guest Bryan Lee at City Hotel,modify_booking
Can I change my reservation from 4 nights for Bryan Lee?,modify_booking
Is Room Type A available at City Hotel for Samantha Galloway?,availability
Can I reserve a room for Samantha Galloway for 4 nights?,book_room
How much is Room Type A at rate 133.58 per night?,room_price
Is BB meal package included for Samantha Galloway's room?,breakfast
Do you provide 0 parking space for reservation under Samantha Galloway?,parking
Is parking space available at City Hotel for guest 745-486-4902?,parking
Can I cancel my booking under Samantha Galloway?,cancel_booking
Check reservation status for Samantha Galloway with status Check-Out,booking_status
Is booking status for Samantha Galloway confirmed at City Hotel?,booking_status
What payment methods do you accept for No Deposit booking under Samantha Galloway?,payment
"Does City Hotel feature a swimming pool, spa and gym for Samantha Galloway?",hotel_facilities
What are the check-in times at City Hotel for arrival on 21 May?,checkin_checkout
Can guest Samantha Galloway request early check-in or late check-out at City Hotel?,checkin_checkout
I want to modify booking dates for guest Samantha Galloway at City Hotel,modify_booking
Can I change my reservation from 4 nights for Samantha Galloway?,modify_booking
Is Room Type A available at City Hotel for Kyle Contreras?,availability
Do you have room availability for 1 adults in May 2017?,availability
Can I reserve a room for Kyle Contreras for 1 nights?,book_room
Is SC meal package included for Kyle Contreras's room?,breakfast
Do you provide 0 parking space for reservation under Kyle Contreras?,parking
Is parking space available at City Hotel for guest 179-262-1253?,parking
Can I cancel my booking under Kyle Contreras?,cancel_booking
Check reservation status for Kyle Contreras with status Check-Out,booking_status
Is booking status for Kyle Contreras confirmed at City Hotel?,booking_status
What payment methods do you accept for No Deposit booking under Kyle Contreras?,payment
"Does City Hotel feature a swimming pool, spa and gym for Kyle Contreras?",hotel_facilities
What are the check-in times at City Hotel for arrival on 9 May?,checkin_checkout
Can guest Kyle Contreras request early check-in or late check-out at City Hotel?,checkin_checkout
I want to modify booking dates for guest Kyle Contreras at City Hotel,modify_booking
Can I change my reservation from 1 nights for Kyle Contreras?,modify_booking
Is Room Type D available at Resort Hotel for Dylan Moran?,availability
Do you have room availability for 2 adults in April 2016?,availability
Can I reserve a room for Dylan Moran for 7 nights?,book_room
How much is Room Type D at rate 38.22 per night?,room_price
Is HB meal package included for Dylan Moran's room?,breakfast
Do you provide 0 parking space for reservation under Dylan Moran?,parking
Is parking space available at Resort Hotel for guest 146-226-8962?,parking
Can I cancel my booking under Dylan Moran?,cancel_booking
Check reservation status for Dylan Moran with status Check-Out,booking_status
Is booking status for Dylan Moran confirmed at Resort Hotel?,booking_status
What payment methods do you accept for No Deposit booking under Dylan Moran?,payment
"Does Resort Hotel feature a swimming pool, spa and gym for Dylan Moran?",hotel_facilities
Can guest Dylan Moran request early check-in or late check-out at Resort Hotel?,checkin_checkout
I want to modify booking dates for guest Dylan Moran at Resort Hotel,modify_booking
Can I change my reservation from 7 nights for Dylan Moran?,modify_booking
Is Room Type A available at Resort Hotel for Bryan Brown?,availability
Do you have room availability for 2 adults in June 2016?,availability
Can I reserve a room for Bryan Brown for 2 nights?,book_room
How much is Room Type A at rate 129.0 per night?,room_price
What is the average daily rate for Resort Hotel in June?,room_price
Is BB meal package included for Bryan Brown's room?,breakfast
Do you provide 0 parking space for reservation under Bryan Brown?,parking
Is parking space available at Resort Hotel for guest 417-637-3312?,parking
Can I cancel my booking under Bryan Brown?,cancel_booking
Check reservation status for Bryan Brown with status Check-Out,booking_status
Is booking status for Bryan Brown confirmed at Resort Hotel?,booking_status
What payment methods do you accept for No Deposit booking under Bryan Brown?,payment
"Does Resort Hotel feature a swimming pool, spa and gym for Bryan Brown?",hotel_facilities
What are the check-in times at Resort Hotel for arrival on 7 June?,checkin_checkout
Can guest Bryan Brown request early check-in or late check-out at Resort Hotel?,checkin_checkout
I want to modify booking dates for guest Bryan Brown at Resort Hotel,modify_booking
Can I change my reservation from 2 nights for Bryan Brown?,modify_booking
Is Room Type A available at Resort Hotel for Melissa Mitchell?,availability
Can I reserve a room for Melissa Mitchell for 7 nights?,book_room
How much is Room Type A at rate 58.95 per night?,room_price
Is BB meal package included for Melissa Mitchell's room?,breakfast
Do you provide 0 parking space for reservation under Melissa Mitchell?,parking
Is parking space available at Resort Hotel for guest 520-215-2769?,parking
Can I cancel my booking under Melissa Mitchell?,cancel_booking
Check reservation status for Melissa Mitchell with status Canceled,booking_status
Is booking status for Melissa Mitchell confirmed at Resort Hotel?,booking_status
What payment methods do you accept for No Deposit booking under Melissa Mitchell?,payment
"Does Resort Hotel feature a swimming pool, spa and gym for Melissa Mitchell?",hotel_facilities
What are the check-in times at Resort Hotel for arrival on 5 September?,checkin_checkout
Can guest Melissa Mitchell request early check-in or late check-out at Resort Hotel?,checkin_checkout
I want to modify booking dates for guest Melissa Mitchell at Resort Hotel,modify_booking
Can I change my reservation from 7 nights for Melissa Mitchell?,modify_booking
Is Room Type A available at City Hotel for Bobby Rose?,availability
Can I reserve a room for Bobby Rose for 3 nights?,book_room
What is the average daily rate for City Hotel in November?,room_price
Is BB meal package included for Bobby Rose's room?,breakfast
Do you provide 0 parking space for reservation under Bobby Rose?,parking
Is parking space available at City Hotel for guest 528-435-4160?,parking
Can I cancel my booking under Bobby Rose?,cancel_booking
Check reservation status for Bobby Rose with status Canceled,booking_status
Is booking status for Bobby Rose confirmed at City Hotel?,booking_status
What payment methods do you accept for Non Refund booking under Bobby Rose?,payment
"Does City Hotel feature a swimming pool, spa and gym for Bobby Rose?",hotel_facilities
What are the check-in times at City Hotel for arrival on 3 November?,checkin_checkout
Can guest Bobby Rose request early check-in or late check-out at City Hotel?,checkin_checkout
I want to modify booking dates for guest Bobby Rose at City Hotel,modify_booking
Can I change my reservation from 3 nights for Bobby Rose?,modify_booking
Is Room Type D available at City Hotel for Adam Robinson?,availability
Can I reserve a room for Adam Robinson for 3 nights?,book_room
How much is Room Type D at rate 98.1 per night?,room_price
Is BB meal package included for Adam Robinson's room?,breakfast
Do you provide 0 parking space for reservation under Adam Robinson?,parking
Is parking space available at City Hotel for guest 178-537-9950?,parking
Can I cancel my booking under Adam Robinson?,cancel_booking
Check reservation status for Adam Robinson with status Check-Out,booking_status
Is booking status for Adam Robinson confirmed at City Hotel?,booking_status
What payment methods do you accept for No Deposit booking under Adam Robinson?,payment
"Does City Hotel feature a swimming pool, spa and gym for Adam Robinson?",hotel_facilities
What are the check-in times at City Hotel for arrival on 25 July?,checkin_checkout
Can guest Adam Robinson request early check-in or late check-out at City Hotel?,checkin_checkout
I want to modify booking dates for guest Adam Robinson at City Hotel,modify_booking
Can I change my reservation from 3 nights for Adam Robinson?,modify_booking
Is Room Type A available at Resort Hotel for Timothy Long?,availability
Do you have room availability for 1 adults in January 2017?,availability
Can I reserve a room for Timothy Long for 1 nights?,book_room
How much is Room Type A at rate 57.0 per night?,room_price
Is BB meal package included for Timothy Long's room?,breakfast
Do you provide 0 parking space for reservation under Timothy Long?,parking
Is parking space available at Resort Hotel for guest 505-157-6064?,parking
Can I cancel my booking under Timothy Long?,cancel_booking
Check reservation status for Timothy Long with status Check-Out,booking_status
Is booking status for Timothy Long confirmed at Resort Hotel?,booking_status
What payment methods do you accept for No Deposit booking under Timothy Long?,payment
"Does Resort Hotel feature a swimming pool, spa and gym for Timothy Long?",hotel_facilities
What are the check-in times at Resort Hotel for arrival on 17 January?,checkin_checkout
Can guest Timothy Long request early check-in or late check-out at Resort Hotel?,checkin_checkout
I want to modify booking dates for guest Timothy Long at Resort Hotel,modify_booking
Can I change my reservation from 1 nights for Timothy Long?,modify_booking
Is Room Type A available at City Hotel for Rachel Lawson?,availability
Can I reserve a room for Rachel Lawson for 5 nights?,book_room
How much is Room Type A at rate 118.8 per night?,room_price
Is BB meal package included for Rachel Lawson's room?,breakfast
Do you provide 0 parking space for reservation under Rachel Lawson?,parking
Is parking space available at City Hotel for guest 733-024-7165?,parking
Can I cancel my booking under Rachel Lawson?,cancel_booking
Check reservation status for Rachel Lawson with status Canceled,booking_status
Is booking status for Rachel Lawson confirmed at City Hotel?,booking_status
What payment methods do you accept for No Deposit booking under Rachel Lawson?,payment
"Does City Hotel feature a swimming pool, spa and gym for Rachel Lawson?",hotel_facilities
What are the check-in times at City Hotel for arrival on 7 September?,checkin_checkout
Can guest Rachel Lawson request early check-in or late check-out at City Hotel?,checkin_checkout
I want to modify booking dates for guest Rachel Lawson at City Hotel,modify_booking
Can I change my reservation from 5 nights for Rachel Lawson?,modify_booking
Is Room Type F available at City Hotel for Adam Scott?,availability
Can I reserve a room for Adam Scott for 3 nights?,book_room
How much is Room Type F at rate 179.1 per night?,room_price
Is BB meal package included for Adam Scott's room?,breakfast
Do you provide 0 parking space for reservation under Adam Scott?,parking
Is parking space available at City Hotel for guest 253-371-3531?,parking
Can I cancel my booking under Adam Scott?,cancel_booking
Check reservation status for Adam Scott with status Check-Out,booking_status
Is booking status for Adam Scott confirmed at City Hotel?,booking_status
What payment methods do you accept for No Deposit booking under Adam Scott?,payment
"Does City Hotel feature a swimming pool, spa and gym for Adam Scott?",hotel_facilities
What are the check-in times at City Hotel for arrival on 12 July?,checkin_checkout
Can guest Adam Scott request early check-in or late check-out at City Hotel?,checkin_checkout
I want to modify booking dates for guest Adam Scott at City Hotel,modify_booking
Can I change my reservation from 3 nights for Adam Scott?,modify_booking
Is Room Type A available at City Hotel for Lisa Brown?,availability
Can I reserve a room for Lisa Brown for 1 nights?,book_room
How much is Room Type A at rate 150.0 per night?,room_price
Is BB meal package included for Lisa Brown's room?,breakfast
Do you provide 0 parking space for reservation under Lisa Brown?,parking
Is parking space available at City Hotel for guest 404-502-6851?,parking
Can I cancel my booking under Lisa Brown?,cancel_booking
Check reservation status for Lisa Brown with status Canceled,booking_status
Is booking status for Lisa Brown confirmed at City Hotel?,booking_status
What payment methods do you accept for No Deposit booking under Lisa Brown?,payment
"Does City Hotel feature a swimming pool, spa and gym for Lisa Brown?",hotel_facilities
What are the check-in times at City Hotel for arrival on 5 November?,checkin_checkout
Can guest Lisa Brown request early check-in or late check-out at City Hotel?,checkin_checkout
I want to modify booking dates for guest Lisa Brown at City Hotel,modify_booking
Can I change my reservation from 1 nights for Lisa Brown?,modify_booking
Is Room Type A available at City Hotel for Joanna Poole?,availability
Do you have room availability for 1 adults in November 2015?,availability
Can I reserve a room for Joanna Poole for 3 nights?,book_room
Is BB meal package included for Joanna Poole's room?,breakfast
Do you provide 0 parking space for reservation under Joanna Poole?,parking
Is parking space available at City Hotel for guest 341-892-6481?,parking
Can I cancel my booking under Joanna Poole?,cancel_booking
Check reservation status for Joanna Poole with status No-Show,booking_status
Is booking status for Joanna Poole confirmed at City Hotel?,booking_status
What payment methods do you accept for No Deposit booking under Joanna Poole?,payment
"Does City Hotel feature a swimming pool, spa and gym for Joanna Poole?",hotel_facilities
What are the check-in times at City Hotel for arrival on 23 November?,checkin_checkout
Can guest Joanna Poole request early check-in or late check-out at City Hotel?,checkin_checkout
I want to modify booking dates for guest Joanna Poole at City Hotel,modify_booking
Can I change my reservation from 3 nights for Joanna Poole?,modify_booking
Is Room Type A available at City Hotel for Felicia Nelson?,availability
Can I reserve a room for Felicia Nelson for 2 nights?,book_room
Is BB meal package included for Felicia Nelson's room?,breakfast
Do you provide 0 parking space for reservation under Felicia Nelson?,parking
Is parking space available at City Hotel for guest 124-436-1603?,parking
Can I cancel my booking under Felicia Nelson?,cancel_booking
Check reservation status for Felicia Nelson with status Canceled,booking_status
Is booking status for Felicia Nelson confirmed at City Hotel?,booking_status
What payment methods do you accept for Non Refund booking under Felicia Nelson?,payment
"Does City Hotel feature a swimming pool, spa and gym for Felicia Nelson?",hotel_facilities
What are the check-in times at City Hotel for arrival on 5 August?,checkin_checkout
Can guest Felicia Nelson request early check-in or late check-out at City Hotel?,checkin_checkout
I want to modify booking dates for guest Felicia Nelson at City Hotel,modify_booking
Can I change my reservation from 2 nights for Felicia Nelson?,modify_booking
Is Room Type A available at City Hotel for Kelsey Lee?,availability
Can I reserve a room for Kelsey Lee for 2 nights?,book_room
Is BB meal package included for Kelsey Lee's room?,breakfast
Do you provide 0 parking space for reservation under Kelsey Lee?,parking
Is parking space available at City Hotel for guest 995-896-6250?,parking
Can I cancel my booking under Kelsey Lee?,cancel_booking
Check reservation status for Kelsey Lee with status Check-Out,booking_status
Is booking status for Kelsey Lee confirmed at City Hotel?,booking_status
What payment methods do you accept for No Deposit booking under Kelsey Lee?,payment
"Does City Hotel feature a swimming pool, spa and gym for Kelsey Lee?",hotel_facilities
What are the check-in times at City Hotel for arrival on 4 December?,checkin_checkout
Can guest Kelsey Lee request early check-in or late check-out at City Hotel?,checkin_checkout
I want to modify booking dates for guest Kelsey Lee at City Hotel,modify_booking
Can I change my reservation from 2 nights for Kelsey Lee?,modify_booking
Is Room Type A available at City Hotel for Carla Estrada?,availability
Can I reserve a room for Carla Estrada for 4 nights?,book_room
How much is Room Type A at rate 97.33 per night?,room_price
Is BB meal package included for Carla Estrada's room?,breakfast
Do you provide 0 parking space for reservation under Carla Estrada?,parking
Is parking space available at City Hotel for guest 626-955-0256?,parking
Can I cancel my booking under Carla Estrada?,cancel_booking
Check reservation status for Carla Estrada with status Check-Out,booking_status
Is booking status for Carla Estrada confirmed at City Hotel?,booking_status
What payment methods do you accept for No Deposit booking under Carla Estrada?,payment
"Does City Hotel feature a swimming pool, spa and gym for Carla Estrada?",hotel_facilities
What are the check-in times at City Hotel for arrival on 22 April?,checkin_checkout
Can guest Carla Estrada request early check-in or late check-out at City Hotel?,checkin_checkout
I want to modify booking dates for guest Carla Estrada at City Hotel,modify_booking
Can I change my reservation from 4 nights for Carla Estrada?,modify_booking
Is Room Type D available at Resort Hotel for Taylor Pope?,availability
Can I reserve a room for Taylor Pope for 9 nights?,book_room
How much is Room Type D at rate 111.2 per night?,room_price
Is FB meal package included for Taylor Pope's room?,breakfast
Do you provide 0 parking space for reservation under Taylor Pope?,parking
Is parking space available at Resort Hotel for guest 390-427-4123?,parking
Can I cancel my booking under Taylor Pope?,cancel_booking
Check reservation status for Taylor Pope with status Canceled,booking_status
Is booking status for Taylor Pope confirmed at Resort Hotel?,booking_status
What payment methods do you accept for No Deposit booking under Taylor Pope?,payment
"Does Resort Hotel feature a swimming pool, spa and gym for Taylor Pope?",hotel_facilities
What are the check-in times at Resort Hotel for arrival on 20 July?,checkin_checkout
Can guest Taylor Pope request early check-in or late check-out at Resort Hotel?,checkin_checkout
I want to modify booking dates for guest Taylor Pope at Resort Hotel,modify_booking
Can I change my reservation from 9 nights for Taylor Pope?,modify_booking
Is Room Type A available at City Hotel for Christian Reeves?,availability
Can I reserve a room for Christian Reeves for 2 nights?,book_room
Is BB meal package included for Christian Reeves's room?,breakfast
Do you provide 0 parking space for reservation under Christian Reeves?,parking
Is parking space available at City Hotel for guest 251-557-1587?,parking
Can I cancel my booking under Christian Reeves?,cancel_booking
Check reservation status for Christian Reeves with status Canceled,booking_status
Is booking status for Christian Reeves confirmed at City Hotel?,booking_status
What payment methods do you accept for Non Refund booking under Christian Reeves?,payment
"Does City Hotel feature a swimming pool, spa and gym for Christian Reeves?",hotel_facilities
What are the check-in times at City Hotel for arrival on 31 October?,checkin_checkout
Can guest Christian Reeves request early check-in or late check-out at City Hotel?,checkin_checkout
I want to modify booking dates for guest Christian Reeves at City Hotel,modify_booking
Can I change my reservation from 2 nights for Christian Reeves?,modify_booking
Is Room Type E available at Resort Hotel for Kristen King?,availability
Can I reserve a room for Kristen King for 4 nights?,book_room
How much is Room Type E at rate 172.8 per night?,room_price
Is BB meal package included for Kristen King's room?,breakfast
Do you provide 0 parking space for reservation under Kristen King?,parking
Is parking space available at Resort Hotel for guest 568-391-5557?,parking
Can I cancel my booking under Kristen King?,cancel_booking
Check reservation status for Kristen King with status Canceled,booking_status
Is booking status for Kristen King confirmed at Resort Hotel?,booking_status
What payment methods do you accept for No Deposit booking under Kristen King?,payment
"Does Resort Hotel feature a swimming pool, spa and gym for Kristen King?",hotel_facilities
What are the check-in times at Resort Hotel for arrival on 25 July?,checkin_checkout
Can guest Kristen King request early check-in or late check-out at Resort Hotel?,checkin_checkout
I want to modify booking dates for guest Kristen King at Resort Hotel,modify_booking
Can I change my reservation from 4 nights for Kristen King?,modify_booking
Is Room Type A available at Resort Hotel for Taylor Franklin?,availability
Can I reserve a room for Taylor Franklin for 4 nights?,book_room
How much is Room Type A at rate 84.0 per night?,room_price
Is HB meal package included for Taylor Franklin's room?,breakfast
Do you provide 0 parking space for reservation under Taylor Franklin?,parking
Is parking space available at Resort Hotel for guest 846-056-4524?,parking
Can I cancel my booking under Taylor Franklin?,cancel_booking
Check reservation status for Taylor Franklin with status Canceled,booking_status
Is booking status for Taylor Franklin confirmed at Resort Hotel?,booking_status
What payment methods do you accept for Non Refund booking under Taylor Franklin?,payment
"Does Resort Hotel feature a swimming pool, spa and gym for Taylor Franklin?",hotel_facilities
What are the check-in times at Resort Hotel for arrival on 29 April?,checkin_checkout
Can guest Taylor Franklin request early check-in or late check-out at Resort Hotel?,checkin_checkout
I want to modify booking dates for guest Taylor Franklin at Resort Hotel,modify_booking
Can I change my reservation from 4 nights for Taylor Franklin?,modify_booking
Is Room Type D available at Resort Hotel for Christopher Hardy?,availability
Can I reserve a room for Christopher Hardy for 3 nights?,book_room
How much is Room Type D at rate 36.04 per night?,room_price
Is BB meal package included for Christopher Hardy's room?,breakfast
Do you provide 0 parking space for reservation under Christopher Hardy?,parking
Is parking space available at Resort Hotel for guest 354-206-1965?,parking
Can I cancel my booking under Christopher Hardy?,cancel_booking
Check reservation status for Christopher Hardy with status Check-Out,booking_status
Is booking status for Christopher Hardy confirmed at Resort Hotel?,booking_status
What payment methods do you accept for No Deposit booking under Christopher Hardy?,payment
"Does Resort Hotel feature a swimming pool, spa and gym for Christopher Hardy?",hotel_facilities
What are the check-in times at Resort Hotel for arrival on 8 December?,checkin_checkout
Can guest Christopher Hardy request early check-in or late check-out at Resort Hotel?,checkin_checkout
I want to modify booking dates for guest Christopher Hardy at Resort Hotel,modify_booking
Can I change my reservation from 3 nights for Christopher Hardy?,modify_booking
Is Room Type A available at Resort Hotel for Todd Wallace?,availability
Do you have room availability for 1 adults in April 2016?,availability
Can I reserve a room for Todd Wallace for 5 nights?,book_room
How much is Room Type A at rate 33.3 per night?,room_price
Is BB meal package included for Todd Wallace's room?,breakfast
Do you provide 0 parking space for reservation under Todd Wallace?,parking
Is parking space available at Resort Hotel for guest 352-300-8087?,parking
Can I cancel my booking under Todd Wallace?,cancel_booking
Check reservation status for Todd Wallace with status Check-Out,booking_status
Is booking status for Todd Wallace confirmed at Resort Hotel?,booking_status
What payment methods do you accept for No Deposit booking under Todd Wallace?,payment
"Does Resort Hotel feature a swimming pool, spa and gym for Todd Wallace?",hotel_facilities
What are the check-in times at Resort Hotel for arrival on 9 April?,checkin_checkout
Can guest Todd Wallace request early check-in or late check-out at Resort Hotel?,checkin_checkout
I want to modify booking dates for guest Todd Wallace at Resort Hotel,modify_booking
Can I change my reservation from 5 nights for Todd Wallace?,modify_booking
Is Room Type A available at Resort Hotel for Angela Taylor?,availability
Can I reserve a room for Angela Taylor for 7 nights?,book_room
How much is Room Type A at rate 212.0 per night?,room_price
Is BB meal package included for Angela Taylor's room?,breakfast
Do you provide 0 parking space for reservation under Angela Taylor?,parking
Is parking space available at Resort Hotel for guest 525-253-3358?,parking
Can I cancel my booking under Angela Taylor?,cancel_booking
Check reservation status for Angela Taylor with status Canceled,booking_status
Is booking status for Angela Taylor confirmed at Resort Hotel?,booking_status
What payment methods do you accept for No Deposit booking under Angela Taylor?,payment
"Does Resort Hotel feature a swimming pool, spa and gym for Angela Taylor?",hotel_facilities
What are the check-in times at Resort Hotel for arrival on 12 August?,checkin_checkout
Can guest Angela Taylor request early check-in or late check-out at Resort Hotel?,checkin_checkout
I want to modify booking dates for guest Angela Taylor at Resort Hotel,modify_booking
Can I change my reservation from 7 nights for Angela Taylor?,modify_booking
Is Room Type A available at City Hotel for James Evans?,availability
Can I reserve a room for James Evans for 5 nights?,book_room
Is BB meal package included for James Evans's room?,breakfast
Do you provide 0 parking space for reservation under James Evans?,parking
Is parking space available at City Hotel for guest 549-107-3052?,parking
Can I cancel my booking under James Evans?,cancel_booking
Check reservation status for James Evans with status Check-Out,booking_status
Is booking status for James Evans confirmed at City Hotel?,booking_status
What payment methods do you accept for No Deposit booking under James Evans?,payment
"Does City Hotel feature a swimming pool, spa and gym for James Evans?",hotel_facilities
What are the check-in times at City Hotel for arrival on 11 August?,checkin_checkout
Can guest James Evans request early check-in or late check-out at City Hotel?,checkin_checkout
I want to modify booking dates for guest James Evans at City Hotel,modify_booking
Can I change my reservation from 5 nights for James Evans?,modify_booking
Is Room Type A available at City Hotel for Catherine Howard?,availability
Can I reserve a room for Catherine Howard for 2 nights?,book_room
How much is Room Type A at rate 125.1 per night?,room_price
Is BB meal package included for Catherine Howard's room?,breakfast
Do you provide 0 parking space for reservation under Catherine Howard?,parking
Is parking space available at City Hotel for guest 949-208-9922?,parking
Can I cancel my booking under Catherine Howard?,cancel_booking
Check reservation status for Catherine Howard with status Canceled,booking_status
Is booking status for Catherine Howard confirmed at City Hotel?,booking_status
What payment methods do you accept for No Deposit booking under Catherine Howard?,payment
"Does City Hotel feature a swimming pool, spa and gym for Catherine Howard?",hotel_facilities
Can guest Catherine Howard request early check-in or late check-out at City Hotel?,checkin_checkout
I want to modify booking dates for guest Catherine Howard at City Hotel,modify_booking
Can I change my reservation from 2 nights for Catherine Howard?,modify_booking
Is Room Type A available at City Hotel for Joshua Matthews?,availability
Can I reserve a room for Joshua Matthews for 3 nights?,book_room
How much is Room Type A at rate 75.0 per night?,room_price
Is BB meal package included for Joshua Matthews's room?,breakfast
Do you provide 0 parking space for reservation under Joshua Matthews?,parking
Is parking space available at City Hotel for guest 970-632-1605?,parking
Can I cancel my booking under Joshua Matthews?,cancel_booking
Check reservation status for Joshua Matthews with status Check-Out,booking_status
Is booking status for Joshua Matthews confirmed at City Hotel?,booking_status
What payment methods do you accept for No Deposit booking under Joshua Matthews?,payment
"Does City Hotel feature a swimming pool, spa and gym for Joshua Matthews?",hotel_facilities
What are the check-in times at City Hotel for arrival on 13 February?,checkin_checkout
Can guest Joshua Matthews request early check-in or late check-out at City Hotel?,checkin_checkout
I want to modify booking dates for guest Joshua Matthews at City Hotel,modify_booking
Can I change my reservation from 3 nights for Joshua Matthews?,modify_booking
Is Room Type D available at Resort Hotel for Roy Walker?,availability
Can I reserve a room for Roy Walker for 1 nights?,book_room
How much is Room Type D at rate 66.0 per night?,room_price
Is BB meal package included for Roy Walker's room?,breakfast
Do you provide 0 parking space for reservation under Roy Walker?,parking
Is parking space available at Resort Hotel for guest 165-214-1163?,parking
Can I cancel my booking under Roy Walker?,cancel_booking
Check reservation status for Roy Walker with status Check-Out,booking_status
Is booking status for Roy Walker confirmed at Resort Hotel?,booking_status
What payment methods do you accept for No Deposit booking under Roy Walker?,payment
"Does Resort Hotel feature a swimming pool, spa and gym for Roy Walker?",hotel_facilities
What are the check-in times at Resort Hotel for arrival on 13 October?,checkin_checkout
Can guest Roy Walker request early check-in or late check-out at Resort Hotel?,checkin_checkout
I want to modify booking dates for guest Roy Walker at Resort Hotel,modify_booking
Can I change my reservation from 1 nights for Roy Walker?,modify_booking
Is Room Type A available at City Hotel for Michael Walker?,availability
Can I reserve a room for Michael Walker for 3 nights?,book_room
How much is Room Type A at rate 94.5 per night?,room_price
Is BB meal package included for Michael Walker's room?,breakfast
Do you provide 0 parking space for reservation under Michael Walker?,parking
Is parking space available at City Hotel for guest 483-494-9868?,parking
Can I cancel my booking under Michael Walker?,cancel_booking
Check reservation status for Michael Walker with status Check-Out,booking_status
Is booking status for Michael Walker confirmed at City Hotel?,booking_status
What payment methods do you accept for No Deposit booking under Michael Walker?,payment
"Does City Hotel feature a swimming pool, spa and gym for Michael Walker?",hotel_facilities
What are the check-in times at City Hotel for arrival on 9 October?,checkin_checkout
Can guest Michael Walker request early check-in or late check-out at City Hotel?,checkin_checkout
I want to modify booking dates for guest Michael Walker at City Hotel,modify_booking
Can I change my reservation from 3 nights for Michael Walker?,modify_booking
Is Room Type D available at Resort Hotel for William Massey?,availability
I want to book Room Type D for 1 guests at Resort Hotel,book_room
Can I reserve a room for William Massey for 13 nights?,book_room
How much is Room Type D at rate 47.54 per night?,room_price
Is BB meal package included for William Massey's room?,breakfast
Do you provide 0 parking space for reservation under William Massey?,parking
Is parking space available at Resort Hotel for guest 176-074-9597?,parking
Can I cancel my booking under William Massey?,cancel_booking
Check reservation status for William Massey with status Canceled,booking_status
Is booking status for William Massey confirmed at Resort Hotel?,booking_status
What payment methods do you accept for No Deposit booking under William Massey?,payment
"Does Resort Hotel feature a swimming pool, spa and gym for William Massey?",hotel_facilities
What are the check-in times at Resort Hotel for arrival on 20 December?,checkin_checkout
Can guest William Massey request early check-in or late check-out at Resort Hotel?,checkin_checkout
I want to modify booking dates for guest William Massey at Resort Hotel,modify_booking
Can I change my reservation from 13 nights for William Massey?,modify_booking
Is Room Type A available at Resort Hotel for Jon Rios?,availability
Do you have room availability for 1 adults in August 2016?,availability
Can I reserve a room for Jon Rios for 4 nights?,book_room
How much is Room Type A at rate 100.8 per night?,room_price
Is BB meal package included for Jon Rios's room?,breakfast
Do you provide 0 parking space for reservation under Jon Rios?,parking
Is parking space available at Resort Hotel for guest 431-414-1372?,parking
Can I cancel my booking under Jon Rios?,cancel_booking
Check reservation status for Jon Rios with status Check-Out,booking_status
Is booking status for Jon Rios confirmed at Resort Hotel?,booking_status
What payment methods do you accept for No Deposit booking under Jon Rios?,payment
"Does Resort Hotel feature a swimming pool, spa and gym for Jon Rios?",hotel_facilities
What are the check-in times at Resort Hotel for arrival on 27 August?,checkin_checkout
Can guest Jon Rios request early check-in or late check-out at Resort Hotel?,checkin_checkout
I want to modify booking dates for guest Jon Rios at Resort Hotel,modify_booking
Can I change my reservation from 4 nights for Jon Rios?,modify_booking
Is Room Type A available at City Hotel for Nichole Evans?,availability
Can I reserve a room for Nichole Evans for 5 nights?,book_room
Is BB meal package included for Nichole Evans's room?,breakfast
Do you provide 0 parking space for reservation under Nichole Evans?,parking
Is parking space available at City Hotel for guest 167-800-6047?,parking
Can I cancel my booking under Nichole Evans?,cancel_booking
Check reservation status for Nichole Evans with status Check-Out,booking_status
Is booking status for Nichole Evans confirmed at City Hotel?,booking_status
What payment methods do you accept for No Deposit booking under Nichole Evans?,payment
"Does City Hotel feature a swimming pool, spa and gym for Nichole Evans?",hotel_facilities
Can guest Nichole Evans request early check-in or late check-out at City Hotel?,checkin_checkout
I want to modify booking dates for guest Nichole Evans at City Hotel,modify_booking
Can I change my reservation from 5 nights for Nichole Evans?,modify_booking
Is Room Type F available at City Hotel for David Delgado?,availability
Can I reserve a room for David Delgado for 1 nights?,book_room
How much is Room Type F at rate 153.0 per night?,room_price
Is BB meal package included for David Delgado's room?,breakfast
Do you provide 0 parking space for reservation under David Delgado?,parking
Is parking space available at City Hotel for guest 171-969-1833?,parking
Can I cancel my booking under David Delgado?,cancel_booking
Check reservation status for David Delgado with status Check-Out,booking_status
Is booking status for David Delgado confirmed at City Hotel?,booking_status
What payment methods do you accept for No Deposit booking under David Delgado?,payment
"Does City Hotel feature a swimming pool, spa and gym for David Delgado?",hotel_facilities
What are the check-in times at City Hotel for arrival on 9 August?,checkin_checkout
Can guest David Delgado request early check-in or late check-out at City Hotel?,checkin_checkout
I want to modify booking dates for guest David Delgado at City Hotel,modify_booking
Can I change my reservation from 1 nights for David Delgado?,modify_booking
Is Room Type A available at City Hotel for Jake Daniels?,availability
Can I reserve a room for Jake Daniels for 3 nights?,book_room
How much is Room Type A at rate 153.0 per night?,room_price
Is BB meal package included for Jake Daniels's room?,breakfast
Do you provide 0 parking space for reservation under Jake Daniels?,parking
Is parking space available at City Hotel for guest 822-055-0227?,parking
Can I cancel my booking under Jake Daniels?,cancel_booking
Check reservation status for Jake Daniels with status Check-Out,booking_status
Is booking status for Jake Daniels confirmed at City Hotel?,booking_status
What payment methods do you accept for No Deposit booking under Jake Daniels?,payment
"Does City Hotel feature a swimming pool, spa and gym for Jake Daniels?",hotel_facilities
What are the check-in times at City Hotel for arrival on 13 April?,checkin_checkout
Can guest Jake Daniels request early check-in or late check-out at City Hotel?,checkin_checkout
I want to modify booking dates for guest Jake Daniels at City Hotel,modify_booking
Can I change my reservation from 3 nights for Jake Daniels?,modify_booking
Is Room Type A available at City Hotel for Ernest Bryant?,availability
Can I reserve a room for Ernest Bryant for 6 nights?,book_room
Is BB meal package included for Ernest Bryant's room?,breakfast
Do you provide 0 parking space for reservation under Ernest Bryant?,parking
Is parking space available at City Hotel for guest 282-051-2608?,parking
Can I cancel my booking under Ernest Bryant?,cancel_booking
Check reservation status for Ernest Bryant with status Check-Out,booking_status
Is booking status for Ernest Bryant confirmed at City Hotel?,booking_status
What payment methods do you accept for No Deposit booking under Ernest Bryant?,payment
"Does City Hotel feature a swimming pool, spa and gym for Ernest Bryant?",hotel_facilities
Can guest Ernest Bryant request early check-in or late check-out at City Hotel?,checkin_checkout
I want to modify booking dates for guest Ernest Bryant at City Hotel,modify_booking
Can I change my reservation from 6 nights for Ernest Bryant?,modify_booking
Is Room Type A available at Resort Hotel for Sydney Villa?,availability
Do you have room availability for 1 adults in June 2017?,availability
Can I reserve a room for Sydney Villa for 3 nights?,book_room
Is BB meal package included for Sydney Villa's room?,breakfast
Do you provide 0 parking space for reservation under Sydney Villa?,parking
Is parking space available at Resort Hotel for guest 547-956-4339?,parking
Can I cancel my booking under Sydney Villa?,cancel_booking
Check reservation status for Sydney Villa with status Check-Out,booking_status
Is booking status for Sydney Villa confirmed at Resort Hotel?,booking_status
What payment methods do you accept for No Deposit booking under Sydney Villa?,payment
"Does Resort Hotel feature a swimming pool, spa and gym for Sydney Villa?",hotel_facilities
What are the check-in times at Resort Hotel for arrival on 6 June?,checkin_checkout
Can guest Sydney Villa request early check-in or late check-out at Resort Hotel?,checkin_checkout
I want to modify booking dates for guest Sydney Villa at Resort Hotel,modify_booking
Can I change my reservation from 3 nights for Sydney Villa?,modify_booking
Is Room Type A available at City Hotel for Jim Anderson?,availability
Can I reserve a room for Jim Anderson for 4 nights?,book_room
How much is Room Type A at rate 86.85 per night?,room_price
Is BB meal package included for Jim Anderson's room?,breakfast
Do you provide 0 parking space for reservation under Jim Anderson?,parking
Is parking space available at City Hotel for guest 314-015-9640?,parking
Can I cancel my booking under Jim Anderson?,cancel_booking
Check reservation status for Jim Anderson with status Check-Out,booking_status
Is booking status for Jim Anderson confirmed at City Hotel?,booking_status
What payment methods do you accept for No Deposit booking under Jim Anderson?,payment
"Does City Hotel feature a swimming pool, spa and gym for Jim Anderson?",hotel_facilities
What are the check-in times at City Hotel for arrival on 31 August?,checkin_checkout
Can guest Jim Anderson request early check-in or late check-out at City Hotel?,checkin_checkout
I want to modify booking dates for guest Jim Anderson at City Hotel,modify_booking
Can I change my reservation from 4 nights for Jim Anderson?,modify_booking
Is Room Type A available at City Hotel for Andrea Rivera?,availability
Can I reserve a room for Andrea Rivera for 4 nights?,book_room
Is BB meal package included for Andrea Rivera's room?,breakfast
Do you provide 0 parking space for reservation under Andrea Rivera?,parking
Is parking space available at City Hotel for guest 834-570-3718?,parking
Can I cancel my booking under Andrea Rivera?,cancel_booking
Check reservation status for Andrea Rivera with status Canceled,booking_status
Is booking status for Andrea Rivera confirmed at City Hotel?,booking_status
What payment methods do you accept for Non Refund booking under Andrea Rivera?,payment
"Does City Hotel feature a swimming pool, spa and gym for Andrea Rivera?",hotel_facilities
Can guest Andrea Rivera request early check-in or late check-out at City Hotel?,checkin_checkout
I want to modify booking dates for guest Andrea Rivera at City Hotel,modify_booking
Can I change my reservation from 4 nights for Andrea Rivera?,modify_booking
Is Room Type A available at Resort Hotel for Ethan Stephens?,availability
Can I reserve a room for Ethan Stephens for 1 nights?,book_room
Is BB meal package included for Ethan Stephens's room?,breakfast
Do you provide 0 parking space for reservation under Ethan Stephens?,parking
Is parking space available at Resort Hotel for guest 881-547-4844?,parking
Can I cancel my booking under Ethan Stephens?,cancel_booking
Check reservation status for Ethan Stephens with status Check-Out,booking_status
Is booking status for Ethan Stephens confirmed at Resort Hotel?,booking_status
What payment methods do you accept for No Deposit booking under Ethan Stephens?,payment
"Does Resort Hotel feature a swimming pool, spa and gym for Ethan Stephens?",hotel_facilities
What are the check-in times at Resort Hotel for arrival on 9 October?,checkin_checkout
Can guest Ethan Stephens request early check-in or late check-out at Resort Hotel?,checkin_checkout
I want to modify booking dates for guest Ethan Stephens at Resort Hotel,modify_booking
Can I change my reservation from 1 nights for Ethan Stephens?,modify_booking
Is Room Type H available at Resort Hotel for Virginia Jones?,availability
Do you have room availability for 3 adults in July 2015?,availability
I want to book Room Type H for 3 guests at Resort Hotel,book_room
Can I reserve a room for Virginia Jones for 4 nights?,book_room
How much is Room Type H at rate 193.0 per night?,room_price
Is BB meal package included for Virginia Jones's room?,breakfast
What breakfast package is available for Room Type H?,breakfast
Do you provide 0 parking space for reservation under Virginia Jones?,parking
Is parking space available at Resort Hotel for guest 554-132-9279?,parking
Can I cancel my booking under Virginia Jones?,cancel_booking
Check reservation status for Virginia Jones with status Check-Out,booking_status
Is booking status for Virginia Jones confirmed at Resort Hotel?,booking_status
What payment methods do you accept for No Deposit booking under Virginia Jones?,payment
Do I need to pay deposit No Deposit for Room Type H?,payment
"Does Resort Hotel feature a swimming pool, spa and gym for Virginia Jones?",hotel_facilities
What are the check-in times at Resort Hotel for arrival on 7 July?,checkin_checkout
Can guest Virginia Jones request early check-in or late check-out at Resort Hotel?,checkin_checkout
I want to modify booking dates for guest Virginia Jones at Resort Hotel,modify_booking
Can I change my reservation from 4 nights for Virginia Jones?,modify_booking
Is Room Type A available at Resort Hotel for Mary Baker?,availability
Can I reserve a room for Mary Baker for 2 nights?,book_room
How much is Room Type A at rate 67.0 per night?,room_price
Is HB meal package included for Mary Baker's room?,breakfast
Do you provide 0 parking space for reservation under Mary Baker?,parking
Is parking space available at Resort Hotel for guest 437-610-0378?,parking
Can I cancel my booking under Mary Baker?,cancel_booking
Check reservation status for Mary Baker with status Canceled,booking_status
Is booking status for Mary Baker confirmed at Resort Hotel?,booking_status
What payment methods do you accept for No Deposit booking under Mary Baker?,payment
"Does Resort Hotel feature a swimming pool, spa and gym for Mary Baker?",hotel_facilities
What are the check-in times at Resort Hotel for arrival on 12 May?,checkin_checkout
Can guest Mary Baker request early check-in or late check-out at Resort Hotel?,checkin_checkout
I want to modify booking dates for guest Mary Baker at Resort Hotel,modify_booking
Can I change my reservation from 2 nights for Mary Baker?,modify_booking
Is Room Type F available at Resort Hotel for Jordan Jimenez?,availability
Can I reserve a room for Jordan Jimenez for 3 nights?,book_room
How much is Room Type F at rate 153.03 per night?,room_price
Is BB meal package included for Jordan Jimenez's room?,breakfast
Do you provide 1 parking space for reservation under Jordan Jimenez?,parking
Is parking space available at Resort Hotel for guest 364-806-0500?,parking
Can I cancel my booking under Jordan Jimenez?,cancel_booking
Check reservation status for Jordan Jimenez with status Check-Out,booking_status
Is booking status for Jordan Jimenez confirmed at Resort Hotel?,booking_status
What payment methods do you accept for No Deposit booking under Jordan Jimenez?,payment
"Does Resort Hotel feature a swimming pool, spa and gym for Jordan Jimenez?",hotel_facilities
What are the check-in times at Resort Hotel for arrival on 9 June?,checkin_checkout
Can guest Jordan Jimenez request early check-in or late check-out at Resort Hotel?,checkin_checkout
I want to modify booking dates for guest Jordan Jimenez at Resort Hotel,modify_booking
Can I change my reservation from 3 nights for Jordan Jimenez?,modify_booking
Is Room Type A available at City Hotel for Timothy Rivera?,availability
Can I reserve a room for Timothy Rivera for 3 nights?,book_room
How much is Room Type A at rate 62.8 per night?,room_price
Is BB meal package included for Timothy Rivera's room?,breakfast
Do you provide 0 parking space for reservation under Timothy Rivera?,parking
Is parking space available at City Hotel for guest 328-169-2884?,parking
Can I cancel my booking under Timothy Rivera?,cancel_booking
Check reservation status for Timothy Rivera with status Canceled,booking_status
Is booking status for Timothy Rivera confirmed at City Hotel?,booking_status
What payment methods do you accept for Non Refund booking under Timothy Rivera?,payment
"Does City Hotel feature a swimming pool, spa and gym for Timothy Rivera?",hotel_facilities
What are the check-in times at City Hotel for arrival on 9 November?,checkin_checkout
Can guest Timothy Rivera request early check-in or late check-out at City Hotel?,checkin_checkout
I want to modify booking dates for guest Timothy Rivera at City Hotel,modify_booking
Can I change my reservation from 3 nights for Timothy Rivera?,modify_booking
Is Room Type A available at City Hotel for Christopher Collins?,availability
Can I reserve a room for Christopher Collins for 2 nights?,book_room
Is BB meal package included for Christopher Collins's room?,breakfast
Do you provide 0 parking space for reservation under Christopher Collins?,parking
Is parking space available at City Hotel for guest 355-767-0153?,parking
Can I cancel my booking under Christopher Collins?,cancel_booking
Check reservation status for Christopher Collins with status Canceled,booking_status
Is booking status for Christopher Collins confirmed at City Hotel?,booking_status
What payment methods do you accept for Non Refund booking under Christopher Collins?,payment
"Does City Hotel feature a swimming pool, spa and gym for Christopher Collins?",hotel_facilities
What are the check-in times at City Hotel for arrival on 18 March?,checkin_checkout
Can guest Christopher Collins request early check-in or late check-out at City Hotel?,checkin_checkout
I want to modify booking dates for guest Christopher Collins at City Hotel,modify_booking
Can I change my reservation from 2 nights for Christopher Collins?,modify_booking
Is Room Type A available at City Hotel for Alyssa Terry?,availability
Can I reserve a room for Alyssa Terry for 3 nights?,book_room
How much is Room Type A at rate 164.25 per night?,room_price
Is HB meal package included for Alyssa Terry's room?,breakfast
Do you provide 0 parking space for reservation under Alyssa Terry?,parking
Is parking space available at City Hotel for guest 513-736-7738?,parking
Can I cancel my booking under Alyssa Terry?,cancel_booking
Check reservation status for Alyssa Terry with status Check-Out,booking_status
Is booking status for Alyssa Terry confirmed at City Hotel?,booking_status
What payment methods do you accept for No Deposit booking under Alyssa Terry?,payment
"Does City Hotel feature a swimming pool, spa and gym for Alyssa Terry?",hotel_facilities
What are the check-in times at City Hotel for arrival on 12 April?,checkin_checkout
Can guest Alyssa Terry request early check-in or late check-out at City Hotel?,checkin_checkout
I want to modify booking dates for guest Alyssa Terry at City Hotel,modify_booking
Can I change my reservation from 3 nights for Alyssa Terry?,modify_booking
Is Room Type A available at City Hotel for Ryan Murphy?,availability
Can I reserve a room for Ryan Murphy for 7 nights?,book_room
How much is Room Type A at rate 118.0 per night?,room_price
Is BB meal package included for Ryan Murphy's room?,breakfast
Do you provide 0 parking space for reservation under Ryan Murphy?,parking
Is parking space available at City Hotel for guest 646-373-3975?,parking
Can I cancel my booking under Ryan Murphy?,cancel_booking
Check reservation status for Ryan Murphy with status Check-Out,booking_status
Is booking status for Ryan Murphy confirmed at City Hotel?,booking_status
What payment methods do you accept for No Deposit booking under Ryan Murphy?,payment
"Does City Hotel feature a swimming pool, spa and gym for Ryan Murphy?",hotel_facilities
What are the check-in times at City Hotel for arrival on 22 October?,checkin_checkout
Can guest Ryan Murphy request early check-in or late check-out at City Hotel?,checkin_checkout
I want to modify booking dates for guest Ryan Murphy at City Hotel,modify_booking
Can I change my reservation from 7 nights for Ryan Murphy?,modify_booking
Is Room Type A available at City Hotel for Katherine Hodges?,availability
Can I reserve a room for Katherine Hodges for 3 nights?,book_room
Is BB meal package included for Katherine Hodges's room?,breakfast
Do you provide 0 parking space for reservation under Katherine Hodges?,parking
Is parking space available at City Hotel for guest 900-242-2911?,parking
Can I cancel my booking under Katherine Hodges?,cancel_booking
Check reservation status for Katherine Hodges with status Canceled,booking_status
Is booking status for Katherine Hodges confirmed at City Hotel?,booking_status
What payment methods do you accept for Non Refund booking under Katherine Hodges?,payment
"Does City Hotel feature a swimming pool, spa and gym for Katherine Hodges?",hotel_facilities
What are the check-in times at City Hotel for arrival on 6 October?,checkin_checkout
Can guest Katherine Hodges request early check-in or late check-out at City Hotel?,checkin_checkout
I want to modify booking dates for guest Katherine Hodges at City Hotel,modify_booking
Can I change my reservation from 3 nights for Katherine Hodges?,modify_booking
Is Room Type A available at City Hotel for Nicholas Guzman?,availability
Can I reserve a room for Nicholas Guzman for 2 nights?,book_room
How much is Room Type A at rate 89.75 per night?,room_price
Is BB meal package included for Nicholas Guzman's room?,breakfast
Do you provide 0 parking space for reservation under Nicholas Guzman?,parking
Is parking space available at City Hotel for guest 393-519-5400?,parking
Can I cancel my booking under Nicholas Guzman?,cancel_booking
Check reservation status for Nicholas Guzman with status Check-Out,booking_status
Is booking status for Nicholas Guzman confirmed at City Hotel?,booking_status
What payment methods do you accept for No Deposit booking under Nicholas Guzman?,payment
"Does City Hotel feature a swimming pool, spa and gym for Nicholas Guzman?",hotel_facilities
What are the check-in times at City Hotel for arrival on 30 April?,checkin_checkout
Can guest Nicholas Guzman request early check-in or late check-out at City Hotel?,checkin_checkout
I want to modify booking dates for guest Nicholas Guzman at City Hotel,modify_booking
Can I change my reservation from 2 nights for Nicholas Guzman?,modify_booking
Is Room Type A available at City Hotel for Victoria Glenn?,availability
Can I reserve a room for Victoria Glenn for 4 nights?,book_room
How much is Room Type A at rate 102.1 per night?,room_price
Is BB meal package included for Victoria Glenn's room?,breakfast
Do you provide 0 parking space for reservation under Victoria Glenn?,parking
Is parking space available at City Hotel for guest 204-768-2633?,parking
Can I cancel my booking under Victoria Glenn?,cancel_booking
Check reservation status for Victoria Glenn with status Check-Out,booking_status
Is booking status for Victoria Glenn confirmed at City Hotel?,booking_status
What payment methods do you accept for No Deposit booking under Victoria Glenn?,payment
"Does City Hotel feature a swimming pool, spa and gym for Victoria Glenn?",hotel_facilities
What are the check-in times at City Hotel for arrival on 21 July?,checkin_checkout
Can guest Victoria Glenn request early check-in or late check-out at City Hotel?,checkin_checkout
I want to modify booking dates for guest Victoria Glenn at City Hotel,modify_booking
Can I change my reservation from 4 nights for Victoria Glenn?,modify_booking
Is Room Type A available at City Hotel for Tanya Moore?,availability
Do you have room availability for 2 adults in June 2017?,availability
Can I reserve a room for Tanya Moore for 3 nights?,book_room
How much is Room Type A at rate 144.0 per night?,room_price
Is BB meal package included for Tanya Moore's room?,breakfast
Do you provide 0 parking space for reservation under Tanya Moore?,parking
Is parking space available at City Hotel for guest 159-767-7255?,parking
Can I cancel my booking under Tanya Moore?,cancel_booking
Check reservation status for Tanya Moore with status Check-Out,booking_status
Is booking status for Tanya Moore confirmed at City Hotel?,booking_status
What payment methods do you accept for No Deposit booking under Tanya Moore?,payment
"Does City Hotel feature a swimming pool, spa and gym for Tanya Moore?",hotel_facilities
What are the check-in times at City Hotel for arrival on 8 June?,checkin_checkout
Can guest Tanya Moore request early check-in or late check-out at City Hotel?,checkin_checkout
I want to modify booking dates for guest Tanya Moore at City Hotel,modify_booking
Can I change my reservation from 3 nights for Tanya Moore?,modify_booking
Is Room Type D available at Resort Hotel for Virginia Davis?,availability
Can I reserve a room for Virginia Davis for 21 nights?,book_room
How much is Room Type D at rate 88.0 per night?,room_price
Is HB meal package included for Virginia Davis's room?,breakfast
Do you provide 0 parking space for reservation under Virginia Davis?,parking
Is parking space available at Resort Hotel for guest 215-019-5103?,parking
Can I cancel my booking under Virginia Davis?,cancel_booking
Check reservation status for Virginia Davis with status Check-Out,booking_status
Is booking status for Virginia Davis confirmed at Resort Hotel?,booking_status
What payment methods do you accept for No Deposit booking under Virginia Davis?,payment
"Does Resort Hotel feature a swimming pool, spa and gym for Virginia Davis?",hotel_facilities
Can guest Virginia Davis request early check-in or late check-out at Resort Hotel?,checkin_checkout
I want to modify booking dates for guest Virginia Davis at Resort Hotel,modify_booking
Can I change my reservation from 21 nights for Virginia Davis?,modify_booking
Is Room Type A available at City Hotel for Michael Bradford?,availability
Can I reserve a room for Michael Bradford for 2 nights?,book_room
Is BB meal package included for Michael Bradford's room?,breakfast
Do you provide 0 parking space for reservation under Michael Bradford?,parking
Is parking space available at City Hotel for guest 666-671-5658?,parking
Can I cancel my booking under Michael Bradford?,cancel_booking
Check reservation status for Michael Bradford with status Canceled,booking_status
Is booking status for Michael Bradford confirmed at City Hotel?,booking_status
What payment methods do you accept for Non Refund booking under Michael Bradford?,payment
"Does City Hotel feature a swimming pool, spa and gym for Michael Bradford?",hotel_facilities
What are the check-in times at City Hotel for arrival on 2 June?,checkin_checkout
Can guest Michael Bradford request early check-in or late check-out at City Hotel?,checkin_checkout
I want to modify booking dates for guest Michael Bradford at City Hotel,modify_booking
Can I change my reservation from 2 nights for Michael Bradford?,modify_booking
Is Room Type A available at City Hotel for Adam Russell?,availability
Can I reserve a room for Adam Russell for 2 nights?,book_room
How much is Room Type A at rate 126.9 per night?,room_price
Is BB meal package included for Adam Russell's room?,breakfast
Do you provide 0 parking space for reservation under Adam Russell?,parking
Is parking space available at City Hotel for guest 133-937-2026?,parking
Can I cancel my booking under Adam Russell?,cancel_booking
Check reservation status for Adam Russell with status Canceled,booking_status
Is booking status for Adam Russell confirmed at City Hotel?,booking_status
What payment methods do you accept for No Deposit booking under Adam Russell?,payment
"Does City Hotel feature a swimming pool, spa and gym for Adam Russell?",hotel_facilities
What are the check-in times at City Hotel for arrival on 18 May?,checkin_checkout
Can guest Adam Russell request early check-in or late check-out at City Hotel?,checkin_checkout
I want to modify booking dates for guest Adam Russell at City Hotel,modify_booking
Can I change my reservation from 2 nights for Adam Russell?,modify_booking
Is Room Type A available at City Hotel for Timothy Noble?,availability
Can I reserve a room for Timothy Noble for 2 nights?,book_room
Is SC meal package included for Timothy Noble's room?,breakfast
Do you provide 0 parking space for reservation under Timothy Noble?,parking
Is parking space available at City Hotel for guest 473-239-8754?,parking
Can I cancel my booking under Timothy Noble?,cancel_booking
Check reservation status for Timothy Noble with status Check-Out,booking_status
Is booking status for Timothy Noble confirmed at City Hotel?,booking_status
What payment methods do you accept for No Deposit booking under Timothy Noble?,payment
"Does City Hotel feature a swimming pool, spa and gym for Timothy Noble?",hotel_facilities
Can guest Timothy Noble request early check-in or late check-out at City Hotel?,checkin_checkout
I want to modify booking dates for guest Timothy Noble at City Hotel,modify_booking
Can I change my reservation from 2 nights for Timothy Noble?,modify_booking
Is Room Type A available at Resort Hotel for Maria Carter?,availability
Can I reserve a room for Maria Carter for 2 nights?,book_room
How much is Room Type A at rate 55.4 per night?,room_price
Is HB meal package included for Maria Carter's room?,breakfast
Do you provide 1 parking space for reservation under Maria Carter?,parking
Is parking space available at Resort Hotel for guest 442-634-8116?,parking
Can I cancel my booking under Maria Carter?,cancel_booking
Check reservation status for Maria Carter with status Check-Out,booking_status
Is booking status for Maria Carter confirmed at Resort Hotel?,booking_status
What payment methods do you accept for No Deposit booking under Maria Carter?,payment
"Does Resort Hotel feature a swimming pool, spa and gym for Maria Carter?",hotel_facilities
What are the check-in times at Resort Hotel for arrival on 27 December?,checkin_checkout
Can guest Maria Carter request early check-in or late check-out at Resort Hotel?,checkin_checkout
I want to modify booking dates for guest Maria Carter at Resort Hotel,modify_booking
Can I change my reservation from 2 nights for Maria Carter?,modify_booking
Is Room Type A available at City Hotel for Robert Mcconnell?,availability
Can I reserve a room for Robert Mcconnell for 3 nights?,book_room
Is BB meal package included for Robert Mcconnell's room?,breakfast
Do you provide 0 parking space for reservation under Robert Mcconnell?,parking
Is parking space available at City Hotel for guest 283-957-5042?,parking
Can I cancel my booking under Robert Mcconnell?,cancel_booking
Check reservation status for Robert Mcconnell with status Canceled,booking_status
Is booking status for Robert Mcconnell confirmed at City Hotel?,booking_status
What payment methods do you accept for Non Refund booking under Robert Mcconnell?,payment
"Does City Hotel feature a swimming pool, spa and gym for Robert Mcconnell?",hotel_facilities
What are the check-in times at City Hotel for arrival on 29 April?,checkin_checkout
Can guest Robert Mcconnell request early check-in or late check-out at City Hotel?,checkin_checkout
I want to modify booking dates for guest Robert Mcconnell at City Hotel,modify_booking
Can I change my reservation from 3 nights for Robert Mcconnell?,modify_booking
Is Room Type D available at Resort Hotel for Sheila Chavez?,availability
Can I reserve a room for Sheila Chavez for 7 nights?,book_room
How much is Room Type D at rate 69.36 per night?,room_price
Is HB meal package included for Sheila Chavez's room?,breakfast
Do you provide 0 parking space for reservation under Sheila Chavez?,parking
Is parking space available at Resort Hotel for guest 240-708-3164?,parking
Can I cancel my booking under Sheila Chavez?,cancel_booking
Check reservation status for Sheila Chavez with status Canceled,booking_status
Is booking status for Sheila Chavez confirmed at Resort Hotel?,booking_status
What payment methods do you accept for No Deposit booking under Sheila Chavez?,payment
"Does Resort Hotel feature a swimming pool, spa and gym for Sheila Chavez?",hotel_facilities
Can guest Sheila Chavez request early check-in or late check-out at Resort Hotel?,checkin_checkout
I want to modify booking dates for guest Sheila Chavez at Resort Hotel,modify_booking
Can I change my reservation from 7 nights for Sheila Chavez?,modify_booking
Is Room Type A available at City Hotel for Robert Orozco?,availability
Can I reserve a room for Robert Orozco for 2 nights?,book_room
Is BB meal package included for Robert Orozco's room?,breakfast
Do you provide 0 parking space for reservation under Robert Orozco?,parking
Is parking space available at City Hotel for guest 874-389-9122?,parking
Can I cancel my booking under Robert Orozco?,cancel_booking
Check reservation status for Robert Orozco with status Canceled,booking_status
Is booking status for Robert Orozco confirmed at City Hotel?,booking_status
What payment methods do you accept for Non Refund booking under Robert Orozco?,payment
"Does City Hotel feature a swimming pool, spa and gym for Robert Orozco?",hotel_facilities
What are the check-in times at City Hotel for arrival on 15 December?,checkin_checkout
Can guest Robert Orozco request early check-in or late check-out at City Hotel?,checkin_checkout
I want to modify booking dates for guest Robert Orozco at City Hotel,modify_booking
Can I change my reservation from 2 nights for Robert Orozco?,modify_booking
Is Room Type A available at City Hotel for Grace Lawson?,availability
Can I reserve a room for Grace Lawson for 3 nights?,book_room
Is BB meal package included for Grace Lawson's room?,breakfast
Do you provide 0 parking space for reservation under Grace Lawson?,parking
Is parking space available at City Hotel for guest 980-727-4940?,parking
Can I cancel my booking under Grace Lawson?,cancel_booking
Check reservation status for Grace Lawson with status Canceled,booking_status
Is booking status for Grace Lawson confirmed at City Hotel?,booking_status
What payment methods do you accept for Non Refund booking under Grace Lawson?,payment
"Does City Hotel feature a swimming pool, spa and gym for Grace Lawson?",hotel_facilities
What are the check-in times at City Hotel for arrival on 21 March?,checkin_checkout
Can guest Grace Lawson request early check-in or late check-out at City Hotel?,checkin_checkout
I want to modify booking dates for guest Grace Lawson at City Hotel,modify_booking
Can I change my reservation from 3 nights for Grace Lawson?,modify_booking
Is Room Type D available at City Hotel for Bryan Davis?,availability
Do you have room availability for 3 adults in August 2016?,availability
Can I reserve a room for Bryan Davis for 2 nights?,book_room
How much is Room Type D at rate 142.2 per night?,room_price
Is BB meal package included for Bryan Davis's room?,breakfast
Do you provide 0 parking space for reservation under Bryan Davis?,parking
Is parking space available at City Hotel for guest 901-002-7555?,parking
Can I cancel my booking under Bryan Davis?,cancel_booking
Check reservation status for Bryan Davis with status Canceled,booking_status
Is booking status for Bryan Davis confirmed at City Hotel?,booking_status
What payment methods do you accept for No Deposit booking under Bryan Davis?,payment
"Does City Hotel feature a swimming pool, spa and gym for Bryan Davis?",hotel_facilities
What are the check-in times at City Hotel for arrival on 18 August?,checkin_checkout
Can guest Bryan Davis request early check-in or late check-out at City Hotel?,checkin_checkout
I want to modify booking dates for guest Bryan Davis at City Hotel,modify_booking
Can I change my reservation from 2 nights for Bryan Davis?,modify_booking
Is Room Type A available at City Hotel for Stephanie Watts?,availability
Can I reserve a room for Stephanie Watts for 3 nights?,book_room
How much is Room Type A at rate 103.5 per night?,room_price
Is SC meal package included for Stephanie Watts's room?,breakfast
Do you provide 1 parking space for reservation under Stephanie Watts?,parking
Is parking space available at City Hotel for guest 710-453-5376?,parking
Can I cancel my booking under Stephanie Watts?,cancel_booking
Check reservation status for Stephanie Watts with status Check-Out,booking_status
Is booking status for Stephanie Watts confirmed at City Hotel?,booking_status
What payment methods do you accept for No Deposit booking under Stephanie Watts?,payment
"Does City Hotel feature a swimming pool, spa and gym for Stephanie Watts?",hotel_facilities
What are the check-in times at City Hotel for arrival on 21 August?,checkin_checkout
Can guest Stephanie Watts request early check-in or late check-out at City Hotel?,checkin_checkout
I want to modify booking dates for guest Stephanie Watts at City Hotel,modify_booking
Can I change my reservation from 3 nights for Stephanie Watts?,modify_booking
Is Room Type A available at City Hotel for Gabrielle Howard?,availability
Can I reserve a room for Gabrielle Howard for 2 nights?,book_room
How much is Room Type A at rate 100.0 per night?,room_price
Is BB meal package included for Gabrielle Howard's room?,breakfast
Do you provide 0 parking space for reservation under Gabrielle Howard?,parking
Is parking space available at City Hotel for guest 928-193-6423?,parking
Can I cancel my booking under Gabrielle Howard?,cancel_booking
Check reservation status for Gabrielle Howard with status Check-Out,booking_status
Is booking status for Gabrielle Howard confirmed at City Hotel?,booking_status
What payment methods do you accept for No Deposit booking under Gabrielle Howard?,payment
"Does City Hotel feature a swimming pool, spa and gym for Gabrielle Howard?",hotel_facilities
What are the check-in times at City Hotel for arrival on 2 October?,checkin_checkout
Can guest Gabrielle Howard request early check-in or late check-out at City Hotel?,checkin_checkout
I want to modify booking dates for guest Gabrielle Howard at City Hotel,modify_booking
Can I change my reservation from 2 nights for Gabrielle Howard?,modify_booking
Is Room Type A available at Resort Hotel for Nicole Marshall?,availability
Can I reserve a room for Nicole Marshall for 1 nights?,book_room
How much is Room Type A at rate 35.0 per night?,room_price
Is BB meal package included for Nicole Marshall's room?,breakfast
Do you provide 0 parking space for reservation under Nicole Marshall?,parking
Is parking space available at Resort Hotel for guest 719-680-4546?,parking
Can I cancel my booking under Nicole Marshall?,cancel_booking
Check reservation status for Nicole Marshall with status Check-Out,booking_status
Is booking status for Nicole Marshall confirmed at Resort Hotel?,booking_status
What payment methods do you accept for No Deposit booking under Nicole Marshall?,payment
"Does Resort Hotel feature a swimming pool, spa and gym for Nicole Marshall?",hotel_facilities
What are the check-in times at Resort Hotel for arrival on 25 November?,checkin_checkout
Can guest Nicole Marshall request early check-in or late check-out at Resort Hotel?,checkin_checkout
I want to modify booking dates for guest Nicole Marshall at Resort Hotel,modify_booking
Can I change my reservation from 1 nights for Nicole Marshall?,modify_booking
Is Room Type A available at Resort Hotel for Nicolas Parker?,availability
Can I reserve a room for Nicolas Parker for 2 nights?,book_room
How much is Room Type A at rate 73.8 per night?,room_price
Is HB meal package included for Nicolas Parker's room?,breakfast
Do you provide 0 parking space for reservation under Nicolas Parker?,parking
Is parking space available at Resort Hotel for guest 725-500-3737?,parking
Can I cancel my booking under Nicolas Parker?,cancel_booking
Check reservation status for Nicolas Parker with status Check-Out,booking_status
Is booking status for Nicolas Parker confirmed at Resort Hotel?,booking_status
What payment methods do you accept for No Deposit booking under Nicolas Parker?,payment
"Does Resort Hotel feature a swimming pool, spa and gym for Nicolas Parker?",hotel_facilities
What are the check-in times at Resort Hotel for arrival on 18 November?,checkin_checkout
Can guest Nicolas Parker request early check-in or late check-out at Resort Hotel?,checkin_checkout
I want to modify booking dates for guest Nicolas Parker at Resort Hotel,modify_booking
Can I change my reservation from 2 nights for Nicolas Parker?,modify_booking
Is Room Type A available at City Hotel for Oscar Patrick?,availability
Can I reserve a room for Oscar Patrick for 2 nights?,book_room
Is BB meal package included for Oscar Patrick's room?,breakfast
Do you provide 0 parking space for reservation under Oscar Patrick?,parking
Is parking space available at City Hotel for guest 375-449-4408?,parking
Can I cancel my booking under Oscar Patrick?,cancel_booking
Check reservation status for Oscar Patrick with status Canceled,booking_status
Is booking status for Oscar Patrick confirmed at City Hotel?,booking_status
What payment methods do you accept for Non Refund booking under Oscar Patrick?,payment
"Does City Hotel feature a swimming pool, spa and gym for Oscar Patrick?",hotel_facilities
What are the check-in times at City Hotel for arrival on 27 July?,checkin_checkout
Can guest Oscar Patrick request early check-in or late check-out at City Hotel?,checkin_checkout
I want to modify booking dates for guest Oscar Patrick at City Hotel,modify_booking
Can I change my reservation from 2 nights for Oscar Patrick?,modify_booking
Is Room Type A available at City Hotel for Kevin Kane?,availability
Can I reserve a room for Kevin Kane for 3 nights?,book_room
Is BB meal package included for Kevin Kane's room?,breakfast
Do you provide 0 parking space for reservation under Kevin Kane?,parking
Is parking space available at City Hotel for guest 747-350-9164?,parking
Can I cancel my booking under Kevin Kane?,cancel_booking
Check reservation status for Kevin Kane with status Check-Out,booking_status
Is booking status for Kevin Kane confirmed at City Hotel?,booking_status
What payment methods do you accept for No Deposit booking under Kevin Kane?,payment
"Does City Hotel feature a swimming pool, spa and gym for Kevin Kane?",hotel_facilities
What are the check-in times at City Hotel for arrival on 24 November?,checkin_checkout
Can guest Kevin Kane request early check-in or late check-out at City Hotel?,checkin_checkout
I want to modify booking dates for guest Kevin Kane at City Hotel,modify_booking
Can I change my reservation from 3 nights for Kevin Kane?,modify_booking
Is Room Type A available at City Hotel for Gary Williams?,availability
Can I reserve a room for Gary Williams for 4 nights?,book_room
How much is Room Type A at rate 90.95 per night?,room_price
Is BB meal package included for Gary Williams's room?,breakfast
Do you provide 0 parking space for reservation under Gary Williams?,parking
Is parking space available at City Hotel for guest 280-176-7619?,parking
Can I cancel my booking under Gary Williams?,cancel_booking
Check reservation status for Gary Williams with status Check-Out,booking_status
Is booking status for Gary Williams confirmed at City Hotel?,booking_status
What payment methods do you accept for No Deposit booking under Gary Williams?,payment
"Does City Hotel feature a swimming pool, spa and gym for Gary Williams?",hotel_facilities
Can guest Gary Williams request early check-in or late check-out at City Hotel?,checkin_checkout
I want to modify booking dates for guest Gary Williams at City Hotel,modify_booking
Can I change my reservation from 4 nights for Gary Williams?,modify_booking
Is Room Type A available at City Hotel for Russell Hodges?,availability
Can I reserve a room for Russell Hodges for 2 nights?,book_room
How much is Room Type A at rate 117.9 per night?,room_price
Is BB meal package included for Russell Hodges's room?,breakfast
Do you provide 0 parking space for reservation under Russell Hodges?,parking
Is parking space available at City Hotel for guest 260-424-4458?,parking
Can I cancel my booking under Russell Hodges?,cancel_booking
Check reservation status for Russell Hodges with status Canceled,booking_status
Is booking status for Russell Hodges confirmed at City Hotel?,booking_status
What payment methods do you accept for No Deposit booking under Russell Hodges?,payment
"Does City Hotel feature a swimming pool, spa and gym for Russell Hodges?",hotel_facilities
What are the check-in times at City Hotel for arrival on 23 August?,checkin_checkout
Can guest Russell Hodges request early check-in or late check-out at City Hotel?,checkin_checkout
I want to modify booking dates for guest Russell Hodges at City Hotel,modify_booking
Can I change my reservation from 2 nights for Russell Hodges?,modify_booking
Is Room Type A available at Resort Hotel for Katherine Morales?,availability
Do you have room availability for 3 adults in February 2017?,availability
Can I reserve a room for Katherine Morales for 4 nights?,book_room
How much is Room Type A at rate 88.0 per night?,room_price
What is the average daily rate for Resort Hotel in February?,room_price
Is HB meal package included for Katherine Morales's room?,breakfast
Do you provide 0 parking space for reservation under Katherine Morales?,parking
Is parking space available at Resort Hotel for guest 112-612-4252?,parking
Can I cancel my booking under Katherine Morales?,cancel_booking
Check reservation status for Katherine Morales with status Check-Out,booking_status
Is booking status for Katherine Morales confirmed at Resort Hotel?,booking_status
What payment methods do you accept for No Deposit booking under Katherine Morales?,payment
"Does Resort Hotel feature a swimming pool, spa and gym for Katherine Morales?",hotel_facilities
What are the check-in times at Resort Hotel for arrival on 13 February?,checkin_checkout
Can guest Katherine Morales request early check-in or late check-out at Resort Hotel?,checkin_checkout
I want to modify booking dates for guest Katherine Morales at Resort Hotel,modify_booking
Can I change my reservation from 4 nights for Katherine Morales?,modify_booking
Is Room Type A available at City Hotel for Alyssa Sullivan?,availability
Can I reserve a room for Alyssa Sullivan for 4 nights?,book_room
Is BB meal package included for Alyssa Sullivan's room?,breakfast
Do you provide 0 parking space for reservation under Alyssa Sullivan?,parking
Is parking space available at City Hotel for guest 314-905-6794?,parking
Can I cancel my booking under Alyssa Sullivan?,cancel_booking
Check reservation status for Alyssa Sullivan with status Canceled,booking_status
Is booking status for Alyssa Sullivan confirmed at City Hotel?,booking_status
What payment methods do you accept for Non Refund booking under Alyssa Sullivan?,payment
"Does City Hotel feature a swimming pool, spa and gym for Alyssa Sullivan?",hotel_facilities
Can guest Alyssa Sullivan request early check-in or late check-out at City Hotel?,checkin_checkout
I want to modify booking dates for guest Alyssa Sullivan at City Hotel,modify_booking
Can I change my reservation from 4 nights for Alyssa Sullivan?,modify_booking
Is Room Type A available at City Hotel for Jose Richardson?,availability
Can I reserve a room for Jose Richardson for 4 nights?,book_room
How much is Room Type A at rate 72.0 per night?,room_price
Is BB meal package included for Jose Richardson's room?,breakfast
Do you provide 0 parking space for reservation under Jose Richardson?,parking
Is parking space available at City Hotel for guest 656-479-9618?,parking
Can I cancel my booking under Jose Richardson?,cancel_booking
Check reservation status for Jose Richardson with status Check-Out,booking_status
Is booking status for Jose Richardson confirmed at City Hotel?,booking_status
What payment methods do you accept for No Deposit booking under Jose Richardson?,payment
"Does City Hotel feature a swimming pool, spa and gym for Jose Richardson?",hotel_facilities
What are the check-in times at City Hotel for arrival on 3 March?,checkin_checkout
Can guest Jose Richardson request early check-in or late check-out at City Hotel?,checkin_checkout
I want to modify booking dates for guest Jose Richardson at City Hotel,modify_booking
Can I change my reservation from 4 nights for Jose Richardson?,modify_booking
Is Room Type A available at City Hotel for Amanda Brady?,availability
Can I reserve a room for Amanda Brady for 5 nights?,book_room
How much is Room Type A at rate 88.4 per night?,room_price
Is BB meal package included for Amanda Brady's room?,breakfast
Do you provide 0 parking space for reservation under Amanda Brady?,parking
Is parking space available at City Hotel for guest 153-962-2659?,parking
Can I cancel my booking under Amanda Brady?,cancel_booking
Check reservation status for Amanda Brady with status Canceled,booking_status
Is booking status for Amanda Brady confirmed at City Hotel?,booking_status
What payment methods do you accept for No Deposit booking under Amanda Brady?,payment
"Does City Hotel feature a swimming pool, spa and gym for Amanda Brady?",hotel_facilities
What are the check-in times at City Hotel for arrival on 6 April?,checkin_checkout
Can guest Amanda Brady request early check-in or late check-out at City Hotel?,checkin_checkout
I want to modify booking dates for guest Amanda Brady at City Hotel,modify_booking
Can I change my reservation from 5 nights for Amanda Brady?,modify_booking
Is Room Type F available at Resort Hotel for Kristy Ross?,availability
Can I reserve a room for Kristy Ross for 2 nights?,book_room
How much is Room Type F at rate 169.0 per night?,room_price
Is BB meal package included for Kristy Ross's room?,breakfast
Do you provide 0 parking space for reservation under Kristy Ross?,parking
Is parking space available at Resort Hotel for guest 591-418-9660?,parking
Can I cancel my booking under Kristy Ross?,cancel_booking
Check reservation status for Kristy Ross with status No-Show,booking_status
Is booking status for Kristy Ross confirmed at Resort Hotel?,booking_status
What payment methods do you accept for No Deposit booking under Kristy Ross?,payment
"Does Resort Hotel feature a swimming pool, spa and gym for Kristy Ross?",hotel_facilities
What are the check-in times at Resort Hotel for arrival on 1 July?,checkin_checkout
Can guest Kristy Ross request early check-in or late check-out at Resort Hotel?,checkin_checkout
I want to modify booking dates for guest Kristy Ross at Resort Hotel,modify_booking
Can I change my reservation from 2 nights for Kristy Ross?,modify_booking
Is Room Type A available at City Hotel for David Price?,availability
Can I reserve a room for David Price for 3 nights?,book_room
How much is Room Type A at rate 79.8 per night?,room_price
Is BB meal package included for David Price's room?,breakfast
Do you provide 0 parking space for reservation under David Price?,parking
Is parking space available at City Hotel for guest 642-772-9291?,parking
Can I cancel my booking under David Price?,cancel_booking
Check reservation status for David Price with status Check-Out,booking_status
Is booking status for David Price confirmed at City Hotel?,booking_status
What payment methods do you accept for No Deposit booking under David Price?,payment
"Does City Hotel feature a swimming pool, spa and gym for David Price?",hotel_facilities
What are the check-in times at City Hotel for arrival on 30 October?,checkin_checkout
Can guest David Price request early check-in or late check-out at City Hotel?,checkin_checkout
I want to modify booking dates for guest David Price at City Hotel,modify_booking
Can I change my reservation from 3 nights for David Price?,modify_booking
Is Room Type A available at City Hotel for George Castro?,availability
Do you have room availability for 1 adults in January 2016?,availability
Can I reserve a room for George Castro for 5 nights?,book_room
Is BB meal package included for George Castro's room?,breakfast
Do you provide 0 parking space for reservation under George Castro?,parking
Is parking space available at City Hotel for guest 591-979-1595?,parking
Can I cancel my booking under George Castro?,cancel_booking
Check reservation status for George Castro with status Canceled,booking_status
Is booking status for George Castro confirmed at City Hotel?,booking_status
What payment methods do you accept for No Deposit booking under George Castro?,payment
"Does City Hotel feature a swimming pool, spa and gym for George Castro?",hotel_facilities
What are the check-in times at City Hotel for arrival on 18 January?,checkin_checkout
Can guest George Castro request early check-in or late check-out at City Hotel?,checkin_checkout
I want to modify booking dates for guest George Castro at City Hotel,modify_booking
Can I change my reservation from 5 nights for George Castro?,modify_booking
Is Room Type A available at Resort Hotel for Emily Middleton?,availability
Do you have room availability for 3 adults in August 2017?,availability
Can I reserve a room for Emily Middleton for 7 nights?,book_room
How much is Room Type A at rate 187.24 per night?,room_price
Is HB meal package included for Emily Middleton's room?,breakfast
Do you provide 0 parking space for reservation under Emily Middleton?,parking
Is parking space available at Resort Hotel for guest 473-784-1099?,parking
Can I cancel my booking under Emily Middleton?,cancel_booking
Check reservation status for Emily Middleton with status Check-Out,booking_status
Is booking status for Emily Middleton confirmed at Resort Hotel?,booking_status
What payment methods do you accept for No Deposit booking under Emily Middleton?,payment
"Does Resort Hotel feature a swimming pool, spa and gym for Emily Middleton?",hotel_facilities
What are the check-in times at Resort Hotel for arrival on 19 August?,checkin_checkout
Can guest Emily Middleton request early check-in or late check-out at Resort Hotel?,checkin_checkout
I want to modify booking dates for guest Emily Middleton at Resort Hotel,modify_booking
Can I change my reservation from 7 nights for Emily Middleton?,modify_booking
Is Room Type A available at City Hotel for David Smith?,availability
Can I reserve a room for David Smith for 3 nights?,book_room
How much is Room Type A at rate 112.67 per night?,room_price
Is BB meal package included for David Smith's room?,breakfast
Do you provide 0 parking space for reservation under David Smith?,parking
Is parking space available at City Hotel for guest 742-564-0877?,parking
Can I cancel my booking under David Smith?,cancel_booking
Check reservation status for David Smith with status Check-Out,booking_status
Is booking status for David Smith confirmed at City Hotel?,booking_status
What payment methods do you accept for No Deposit booking under David Smith?,payment
"Does City Hotel feature a swimming pool, spa and gym for David Smith?",hotel_facilities
What are the check-in times at City Hotel for arrival on 17 June?,checkin_checkout
Can guest David Smith request early check-in or late check-out at City Hotel?,checkin_checkout
I want to modify booking dates for guest David Smith at City Hotel,modify_booking
Can I change my reservation from 3 nights for David Smith?,modify_booking
Is Room Type D available at City Hotel for Ashley Harvey DVM?,availability
Can I reserve a room for Ashley Harvey DVM for 4 nights?,book_room
How much is Room Type D at rate 134.3 per night?,room_price
Is BB meal package included for Ashley Harvey DVM's room?,breakfast
Do you provide 0 parking space for reservation under Ashley Harvey DVM?,parking
Is parking space available at City Hotel for guest 371-234-1994?,parking
Can I cancel my booking under Ashley Harvey DVM?,cancel_booking
Check reservation status for Ashley Harvey DVM with status Check-Out,booking_status
Is booking status for Ashley Harvey DVM confirmed at City Hotel?,booking_status
What payment methods do you accept for No Deposit booking under Ashley Harvey DVM?,payment
"Does City Hotel feature a swimming pool, spa and gym for Ashley Harvey DVM?",hotel_facilities
What are the check-in times at City Hotel for arrival on 10 July?,checkin_checkout
Can guest Ashley Harvey DVM request early check-in or late check-out at City Hotel?,checkin_checkout
I want to modify booking dates for guest Ashley Harvey DVM at City Hotel,modify_booking
Can I change my reservation from 4 nights for Ashley Harvey DVM?,modify_booking
Is Room Type A available at City Hotel for John Lopez?,availability
Can I reserve a room for John Lopez for 4 nights?,book_room
Is HB meal package included for John Lopez's room?,breakfast
Do you provide 1 parking space for reservation under John Lopez?,parking
Is parking space available at City Hotel for guest 772-724-9183?,parking
Can I cancel my booking under John Lopez?,cancel_booking
Check reservation status for John Lopez with status Check-Out,booking_status
Is booking status for John Lopez confirmed at City Hotel?,booking_status
What payment methods do you accept for No Deposit booking under John Lopez?,payment
"Does City Hotel feature a swimming pool, spa and gym for John Lopez?",hotel_facilities
What are the check-in times at City Hotel for arrival on 4 September?,checkin_checkout
Can guest John Lopez request early check-in or late check-out at City Hotel?,checkin_checkout
I want to modify booking dates for guest John Lopez at City Hotel,modify_booking
Can I change my reservation from 4 nights for John Lopez?,modify_booking
Is Room Type A available at City Hotel for Teresa Benson?,availability
Can I reserve a room for Teresa Benson for 3 nights?,book_room
Is BB meal package included for Teresa Benson's room?,breakfast
Do you provide 0 parking space for reservation under Teresa Benson?,parking
Is parking space available at City Hotel for guest 996-676-0753?,parking
Can I cancel my booking under Teresa Benson?,cancel_booking
Check reservation status for Teresa Benson with status Canceled,booking_status
Is booking status for Teresa Benson confirmed at City Hotel?,booking_status
What payment methods do you accept for Non Refund booking under Teresa Benson?,payment
"Does City Hotel feature a swimming pool, spa and gym for Teresa Benson?",hotel_facilities
Can guest Teresa Benson request early check-in or late check-out at City Hotel?,checkin_checkout
I want to modify booking dates for guest Teresa Benson at City Hotel,modify_booking
Can I change my reservation from 3 nights for Teresa Benson?,modify_booking
Is Room Type A available at City Hotel for Mary Pacheco?,availability
Can I reserve a room for Mary Pacheco for 3 nights?,book_room
How much is Room Type A at rate 87.0 per night?,room_price
Is BB meal package included for Mary Pacheco's room?,breakfast
Do you provide 0 parking space for reservation under Mary Pacheco?,parking
Is parking space available at City Hotel for guest 724-595-6600?,parking
Can I cancel my booking under Mary Pacheco?,cancel_booking
Check reservation status for Mary Pacheco with status Check-Out,booking_status
Is booking status for Mary Pacheco confirmed at City Hotel?,booking_status
What payment methods do you accept for No Deposit booking under Mary Pacheco?,payment
"Does City Hotel feature a swimming pool, spa and gym for Mary Pacheco?",hotel_facilities
What are the check-in times at City Hotel for arrival on 28 September?,checkin_checkout
Can guest Mary Pacheco request early check-in or late check-out at City Hotel?,checkin_checkout
I want to modify booking dates for guest Mary Pacheco at City Hotel,modify_booking
Can I change my reservation from 3 nights for Mary Pacheco?,modify_booking
Is Room Type D available at City Hotel for Victoria Smith?,availability
Can I reserve a room for Victoria Smith for 7 nights?,book_room
How much is Room Type D at rate 52.0 per night?,room_price
Is BB meal package included for Victoria Smith's room?,breakfast
Do you provide 0 parking space for reservation under Victoria Smith?,parking
Is parking space available at City Hotel for guest 800-848-7326?,parking
Can I cancel my booking under Victoria Smith?,cancel_booking
Check reservation status for Victoria Smith with status Check-Out,booking_status
Is booking status for Victoria Smith confirmed at City Hotel?,booking_status
What payment methods do you accept for No Deposit booking under Victoria Smith?,payment
"Does City Hotel feature a swimming pool, spa and gym for Victoria Smith?",hotel_facilities
What are the check-in times at City Hotel for arrival on 27 January?,checkin_checkout
Can guest Victoria Smith request early check-in or late check-out at City Hotel?,checkin_checkout
I want to modify booking dates for guest Victoria Smith at City Hotel,modify_booking
Can I change my reservation from 7 nights for Victoria Smith?,modify_booking
Is Room Type A available at Resort Hotel for Allison Smith?,availability
Can I reserve a room for Allison Smith for 3 nights?,book_room
How much is Room Type A at rate 54.0 per night?,room_price
Is BB meal package included for Allison Smith's room?,breakfast
Do you provide 1 parking space for reservation under Allison Smith?,parking
Is parking space available at Resort Hotel for guest 994-839-0429?,parking
Can I cancel my booking under Allison Smith?,cancel_booking
Check reservation status for Allison Smith with status Check-Out,booking_status
Is booking status for Allison Smith confirmed at Resort Hotel?,booking_status
What payment methods do you accept for No Deposit booking under Allison Smith?,payment
"Does Resort Hotel feature a swimming pool, spa and gym for Allison Smith?",hotel_facilities
Can guest Allison Smith request early check-in or late check-out at Resort Hotel?,checkin_checkout
I want to modify booking dates for guest Allison Smith at Resort Hotel,modify_booking
Can I change my reservation from 3 nights for Allison Smith?,modify_booking
Is Room Type A available at City Hotel for John Oconnor?,availability
Can I reserve a room for John Oconnor for 3 nights?,book_room
How much is Room Type A at rate 117.0 per night?,room_price
Is BB meal package included for John Oconnor's room?,breakfast
Do you provide 0 parking space for reservation under John Oconnor?,parking
Is parking space available at City Hotel for guest 826-129-6616?,parking
Can I cancel my booking under John Oconnor?,cancel_booking
Check reservation status for John Oconnor with status Check-Out,booking_status
Is booking status for John Oconnor confirmed at City Hotel?,booking_status
What payment methods do you accept for No Deposit booking under John Oconnor?,payment
"Does City Hotel feature a swimming pool, spa and gym for John Oconnor?",hotel_facilities
What are the check-in times at City Hotel for arrival on 3 February?,checkin_checkout
Can guest John Oconnor request early check-in or late check-out at City Hotel?,checkin_checkout
I want to modify booking dates for guest John Oconnor at City Hotel,modify_booking
Can I change my reservation from 3 nights for John Oconnor?,modify_booking
Is Room Type D available at City Hotel for Kristen Williams?,availability
Can I reserve a room for Kristen Williams for 2 nights?,book_room
How much is Room Type D at rate 123.3 per night?,room_price
Is BB meal package included for Kristen Williams's room?,breakfast
Do you provide 0 parking space for reservation under Kristen Williams?,parking
Is parking space available at City Hotel for guest 970-433-1581?,parking
Can I cancel my booking under Kristen Williams?,cancel_booking
Check reservation status for Kristen Williams with status Canceled,booking_status
Is booking status for Kristen Williams confirmed at City Hotel?,booking_status
What payment methods do you accept for No Deposit booking under Kristen Williams?,payment
"Does City Hotel feature a swimming pool, spa and gym for Kristen Williams?",hotel_facilities
What are the check-in times at City Hotel for arrival on 10 May?,checkin_checkout
Can guest Kristen Williams request early check-in or late check-out at City Hotel?,checkin_checkout
I want to modify booking dates for guest Kristen Williams at City Hotel,modify_booking
Can I change my reservation from 2 nights for Kristen Williams?,modify_booking
Is Room Type A available at City Hotel for Thomas Gilbert?,availability
Can I reserve a room for Thomas Gilbert for 3 nights?,book_room
How much is Room Type A at rate 89.25 per night?,room_price
Is BB meal package included for Thomas Gilbert's room?,breakfast
Do you provide 0 parking space for reservation under Thomas Gilbert?,parking
Is parking space available at City Hotel for guest 307-225-6982?,parking
Can I cancel my booking under Thomas Gilbert?,cancel_booking
Check reservation status for Thomas Gilbert with status Check-Out,booking_status
Is booking status for Thomas Gilbert confirmed at City Hotel?,booking_status
What payment methods do you accept for No Deposit booking under Thomas Gilbert?,payment
"Does City Hotel feature a swimming pool, spa and gym for Thomas Gilbert?",hotel_facilities
Can guest Thomas Gilbert request early check-in or late check-out at City Hotel?,checkin_checkout
I want to modify booking dates for guest Thomas Gilbert at City Hotel,modify_booking
Can I change my reservation from 3 nights for Thomas Gilbert?,modify_booking
Is Room Type A available at City Hotel for Peter Murphy?,availability
Can I reserve a room for Peter Murphy for 3 nights?,book_room
Is BB meal package included for Peter Murphy's room?,breakfast
Do you provide 0 parking space for reservation under Peter Murphy?,parking
Is parking space available at City Hotel for guest 594-371-6197?,parking
Can I cancel my booking under Peter Murphy?,cancel_booking
Check reservation status for Peter Murphy with status Canceled,booking_status
Is booking status for Peter Murphy confirmed at City Hotel?,booking_status
What payment methods do you accept for Non Refund booking under Peter Murphy?,payment
"Does City Hotel feature a swimming pool, spa and gym for Peter Murphy?",hotel_facilities
What are the check-in times at City Hotel for arrival on 7 November?,checkin_checkout
Can guest Peter Murphy request early check-in or late check-out at City Hotel?,checkin_checkout
I want to modify booking dates for guest Peter Murphy at City Hotel,modify_booking
Can I change my reservation from 3 nights for Peter Murphy?,modify_booking
Is Room Type E available at City Hotel for Rebecca Brown?,availability
I want to book Room Type E for 2 guests at City Hotel,book_room
Can I reserve a room for Rebecca Brown for 1 nights?,book_room
How much is Room Type E at rate 67.5 per night?,room_price
Is BB meal package included for Rebecca Brown's room?,breakfast
Do you provide 0 parking space for reservation under Rebecca Brown?,parking
Is parking space available at City Hotel for guest 144-777-2313?,parking
Can I cancel my booking under Rebecca Brown?,cancel_booking
Check reservation status for Rebecca Brown with status Check-Out,booking_status
Is booking status for Rebecca Brown confirmed at City Hotel?,booking_status
What payment methods do you accept for No Deposit booking under Rebecca Brown?,payment
"Does City Hotel feature a swimming pool, spa and gym for Rebecca Brown?",hotel_facilities
Can guest Rebecca Brown request early check-in or late check-out at City Hotel?,checkin_checkout
I want to modify booking dates for guest Rebecca Brown at City Hotel,modify_booking
Can I change my reservation from 1 nights for Rebecca Brown?,modify_booking
Is Room Type E available at Resort Hotel for David Cruz?,availability
Can I reserve a room for David Cruz for 14 nights?,book_room
How much is Room Type E at rate 84.15 per night?,room_price
Is HB meal package included for David Cruz's room?,breakfast
Do you provide 0 parking space for reservation under David Cruz?,parking
Is parking space available at Resort Hotel for guest 695-665-9681?,parking
Can I cancel my booking under David Cruz?,cancel_booking
Check reservation status for David Cruz with status Check-Out,booking_status
Is booking status for David Cruz confirmed at Resort Hotel?,booking_status
What payment methods do you accept for No Deposit booking under David Cruz?,payment
"Does Resort Hotel feature a swimming pool, spa and gym for David Cruz?",hotel_facilities
What are the check-in times at Resort Hotel for arrival on 1 May?,checkin_checkout
Can guest David Cruz request early check-in or late check-out at Resort Hotel?,checkin_checkout
I want to modify booking dates for guest David Cruz at Resort Hotel,modify_booking
Can I change my reservation from 14 nights for David Cruz?,modify_booking
Is Room Type A available at City Hotel for Jane Davidson?,availability
Do you have room availability for 1 adults in February 2016?,availability
Can I reserve a room for Jane Davidson for 4 nights?,book_room
How much is Room Type A at rate 76.22 per night?,room_price
Is BB meal package included for Jane Davidson's room?,breakfast
Do you provide 1 parking space for reservation under Jane Davidson?,parking
Is parking space available at City Hotel for guest 382-049-0810?,parking
Can I cancel my booking under Jane Davidson?,cancel_booking
Check reservation status for Jane Davidson with status Check-Out,booking_status
Is booking status for Jane Davidson confirmed at City Hotel?,booking_status
What payment methods do you accept for No Deposit booking under Jane Davidson?,payment
"Does City Hotel feature a swimming pool, spa and gym for Jane Davidson?",hotel_facilities
What are the check-in times at City Hotel for arrival on 7 February?,checkin_checkout
Can guest Jane Davidson request early check-in or late check-out at City Hotel?,checkin_checkout
I want to modify booking dates for guest Jane Davidson at City Hotel,modify_booking
Can I change my reservation from 4 nights for Jane Davidson?,modify_booking
Is Room Type A available at City Hotel for John Rich?,availability
Can I reserve a room for John Rich for 1 nights?,book_room
How much is Room Type A at rate 120.0 per night?,room_price
Is BB meal package included for John Rich's room?,breakfast
Do you provide 0 parking space for reservation under John Rich?,parking
Is parking space available at City Hotel for guest 668-764-6688?,parking
Can I cancel my booking under John Rich?,cancel_booking
Check reservation status for John Rich with status Canceled,booking_status
Is booking status for John Rich confirmed at City Hotel?,booking_status
What payment methods do you accept for No Deposit booking under John Rich?,payment
"Does City Hotel feature a swimming pool, spa and gym for John Rich?",hotel_facilities
Can guest John Rich request early check-in or late check-out at City Hotel?,checkin_checkout
I want to modify booking dates for guest John Rich at City Hotel,modify_booking
Can I change my reservation from 1 nights for John Rich?,modify_booking
Is Room Type A available at City Hotel for Julie Peterson?,availability
Do you have room availability for 1 adults in September 2016?,availability
Can I reserve a room for Julie Peterson for 3 nights?,book_room
How much is Room Type A at rate 2.0 per night?,room_price
Is BB meal package included for Julie Peterson's room?,breakfast
Do you provide 0 parking space for reservation under Julie Peterson?,parking
Is parking space available at City Hotel for guest 344-737-5317?,parking
Can I cancel my booking under Julie Peterson?,cancel_booking
Check reservation status for Julie Peterson with status Canceled,booking_status
Is booking status for Julie Peterson confirmed at City Hotel?,booking_status
What payment methods do you accept for No Deposit booking under Julie Peterson?,payment
"Does City Hotel feature a swimming pool, spa and gym for Julie Peterson?",hotel_facilities
What are the check-in times at City Hotel for arrival on 26 September?,checkin_checkout
Can guest Julie Peterson request early check-in or late check-out at City Hotel?,checkin_checkout
I want to modify booking dates for guest Julie Peterson at City Hotel,modify_booking
Can I change my reservation from 3 nights for Julie Peterson?,modify_booking
Is Room Type A available at City Hotel for Jeffrey Miller?,availability
Can I reserve a room for Jeffrey Miller for 2 nights?,book_room
How much is Room Type A at rate 109.8 per night?,room_price
Is BB meal package included for Jeffrey Miller's room?,breakfast
Do you provide 0 parking space for reservation under Jeffrey Miller?,parking
Is parking space available at City Hotel for guest 842-642-6532?,parking
Can I cancel my booking under Jeffrey Miller?,cancel_booking
Check reservation status for Jeffrey Miller with status Canceled,booking_status
Is booking status for Jeffrey Miller confirmed at City Hotel?,booking_status
What payment methods do you accept for No Deposit booking under Jeffrey Miller?,payment
"Does City Hotel feature a swimming pool, spa and gym for Jeffrey Miller?",hotel_facilities
What are the check-in times at City Hotel for arrival on 24 May?,checkin_checkout
Can guest Jeffrey Miller request early check-in or late check-out at City Hotel?,checkin_checkout
I want to modify booking dates for guest Jeffrey Miller at City Hotel,modify_booking
Can I change my reservation from 2 nights for Jeffrey Miller?,modify_booking
Is Room Type A available at City Hotel for George Powers?,availability
Can I reserve a room for George Powers for 1 nights?,book_room
How much is Room Type A at rate 160.0 per night?,room_price
Is BB meal package included for George Powers's room?,breakfast
Do you provide 0 parking space for reservation under George Powers?,parking
Is parking space available at City Hotel for guest 755-602-6620?,parking
Can I cancel my booking under George Powers?,cancel_booking
Check reservation status for George Powers with status Canceled,booking_status
Is booking status for George Powers confirmed at City Hotel?,booking_status
What payment methods do you accept for No Deposit booking under George Powers?,payment
"Does City Hotel feature a swimming pool, spa and gym for George Powers?",hotel_facilities
What are the check-in times at City Hotel for arrival on 10 June?,checkin_checkout
Can guest George Powers request early check-in or late check-out at City Hotel?,checkin_checkout
I want to modify booking dates for guest George Powers at City Hotel,modify_booking
Can I change my reservation from 1 nights for George Powers?,modify_booking
Is Room Type E available at Resort Hotel for Madison Herring?,availability
Can I reserve a room for Madison Herring for 15 nights?,book_room
How much is Room Type E at rate 163.8 per night?,room_price
Is HB meal package included for Madison Herring's room?,breakfast
Do you provide 0 parking space for reservation under Madison Herring?,parking
Is parking space available at Resort Hotel for guest 812-369-8543?,parking
Can I cancel my booking under Madison Herring?,cancel_booking
Check reservation status for Madison Herring with status Check-Out,booking_status
Is booking status for Madison Herring confirmed at Resort Hotel?,booking_status
What payment methods do you accept for No Deposit booking under Madison Herring?,payment
"Does Resort Hotel feature a swimming pool, spa and gym for Madison Herring?",hotel_facilities
What are the check-in times at Resort Hotel for arrival on 16 July?,checkin_checkout
Can guest Madison Herring request early check-in or late check-out at Resort Hotel?,checkin_checkout
I want to modify booking dates for guest Madison Herring at Resort Hotel,modify_booking
Can I change my reservation from 15 nights for Madison Herring?,modify_booking
Is Room Type A available at Resort Hotel for Alexander Williams?,availability
Can I reserve a room for Alexander Williams for 6 nights?,book_room
Is HB meal package included for Alexander Williams's room?,breakfast
Do you provide 0 parking space for reservation under Alexander Williams?,parking
Is parking space available at Resort Hotel for guest 514-465-0822?,parking
Can I cancel my booking under Alexander Williams?,cancel_booking
Check reservation status for Alexander Williams with status Check-Out,booking_status
Is booking status for Alexander Williams confirmed at Resort Hotel?,booking_status
What payment methods do you accept for No Deposit booking under Alexander Williams?,payment
"Does Resort Hotel feature a swimming pool, spa and gym for Alexander Williams?",hotel_facilities
What are the check-in times at Resort Hotel for arrival on 4 October?,checkin_checkout
Can guest Alexander Williams request early check-in or late check-out at Resort Hotel?,checkin_checkout
I want to modify booking dates for guest Alexander Williams at Resort Hotel,modify_booking
Can I change my reservation from 6 nights for Alexander Williams?,modify_booking
Is Room Type A available at City Hotel for Melissa Alexander?,availability
Can I reserve a room for Melissa Alexander for 4 nights?,book_room
Is BB meal package included for Melissa Alexander's room?,breakfast
Do you provide 0 parking space for reservation under Melissa Alexander?,parking
Is parking space available at City Hotel for guest 201-840-4173?,parking
Can I cancel my booking under Melissa Alexander?,cancel_booking
Check reservation status for Melissa Alexander with status Canceled,booking_status
Is booking status for Melissa Alexander confirmed at City Hotel?,booking_status
What payment methods do you accept for Non Refund booking under Melissa Alexander?,payment
"Does City Hotel feature a swimming pool, spa and gym for Melissa Alexander?",hotel_facilities
What are the check-in times at City Hotel for arrival on 15 April?,checkin_checkout
Can guest Melissa Alexander request early check-in or late check-out at City Hotel?,checkin_checkout
I want to modify booking dates for guest Melissa Alexander at City Hotel,modify_booking
Can I change my reservation from 4 nights for Melissa Alexander?,modify_booking
Is Room Type A available at City Hotel for Dylan White?,availability
Can I reserve a room for Dylan White for 2 nights?,book_room
How much is Room Type A at rate 110.0 per night?,room_price
Is BB meal package included for Dylan White's room?,breakfast
Do you provide 0 parking space for reservation under Dylan White?,parking
Is parking space available at City Hotel for guest 136-128-7487?,parking
Can I cancel my booking under Dylan White?,cancel_booking
Check reservation status for Dylan White with status Canceled,booking_status
Is booking status for Dylan White confirmed at City Hotel?,booking_status
What payment methods do you accept for Non Refund booking under Dylan White?,payment
"Does City Hotel feature a swimming pool, spa and gym for Dylan White?",hotel_facilities
What are the check-in times at City Hotel for arrival on 15 March?,checkin_checkout
Can guest Dylan White request early check-in or late check-out at City Hotel?,checkin_checkout
I want to modify booking dates for guest Dylan White at City Hotel,modify_booking
Can I change my reservation from 2 nights for Dylan White?,modify_booking
Is Room Type A available at City Hotel for Morgan Garcia?,availability
Can I reserve a room for Morgan Garcia for 3 nights?,book_room
Is SC meal package included for Morgan Garcia's room?,breakfast
Do you provide 0 parking space for reservation under Morgan Garcia?,parking
Is parking space available at City Hotel for guest 416-957-6244?,parking
Can I cancel my booking under Morgan Garcia?,cancel_booking
Check reservation status for Morgan Garcia with status Check-Out,booking_status
Is booking status for Morgan Garcia confirmed at City Hotel?,booking_status
What payment methods do you accept for No Deposit booking under Morgan Garcia?,payment
"Does City Hotel feature a swimming pool, spa and gym for Morgan Garcia?",hotel_facilities
What are the check-in times at City Hotel for arrival on 10 April?,checkin_checkout
Can guest Morgan Garcia request early check-in or late check-out at City Hotel?,checkin_checkout
I want to modify booking dates for guest Morgan Garcia at City Hotel,modify_booking
Can I change my reservation from 3 nights for Morgan Garcia?,modify_booking
Is Room Type A available at Resort Hotel for William Valencia?,availability
Can I reserve a room for William Valencia for 2 nights?,book_room
How much is Room Type A at rate 44.1 per night?,room_price
Is BB meal package included for William Valencia's room?,breakfast
Do you provide 0 parking space for reservation under William Valencia?,parking
Is parking space available at Resort Hotel for guest 350-498-6435?,parking
Can I cancel my booking under William Valencia?,cancel_booking
Check reservation status for William Valencia with status Check-Out,booking_status
Is booking status for William Valencia confirmed at Resort Hotel?,booking_status
What payment methods do you accept for No Deposit booking under William Valencia?,payment
"Does Resort Hotel feature a swimming pool, spa and gym for William Valencia?",hotel_facilities
What are the check-in times at Resort Hotel for arrival on 4 November?,checkin_checkout
Can guest William Valencia request early check-in or late check-out at Resort Hotel?,checkin_checkout
I want to modify booking dates for guest William Valencia at Resort Hotel,modify_booking
Can I change my reservation from 2 nights for William Valencia?,modify_booking
Is Room Type A available at City Hotel for Linda Wilkins?,availability
Can I reserve a room for Linda Wilkins for 2 nights?,book_room
Is HB meal package included for Linda Wilkins's room?,breakfast
Do you provide 0 parking space for reservation under Linda Wilkins?,parking
Is parking space available at City Hotel for guest 256-528-7981?,parking
Can I cancel my booking under Linda Wilkins?,cancel_booking
Check reservation status for Linda Wilkins with status Canceled,booking_status
Is booking status for Linda Wilkins confirmed at City Hotel?,booking_status
What payment methods do you accept for Non Refund booking under Linda Wilkins?,payment
"Does City Hotel feature a swimming pool, spa and gym for Linda Wilkins?",hotel_facilities
What are the check-in times at City Hotel for arrival on 18 September?,checkin_checkout
Can guest Linda Wilkins request early check-in or late check-out at City Hotel?,checkin_checkout
I want to modify booking dates for guest Linda Wilkins at City Hotel,modify_booking
Can I change my reservation from 2 nights for Linda Wilkins?,modify_booking
Is Room Type D available at Resort Hotel for Kendra Fields?,availability
Can I reserve a room for Kendra Fields for 7 nights?,book_room
How much is Room Type D at rate 52.4 per night?,room_price
Is HB meal package included for Kendra Fields's room?,breakfast
Do you provide 0 parking space for reservation under Kendra Fields?,parking
Is parking space available at Resort Hotel for guest 511-579-5890?,parking
Can I cancel my booking under Kendra Fields?,cancel_booking
Check reservation status for Kendra Fields with status Check-Out,booking_status
Is booking status for Kendra Fields confirmed at Resort Hotel?,booking_status
What payment methods do you accept for No Deposit booking under Kendra Fields?,payment
"Does Resort Hotel feature a swimming pool, spa and gym for Kendra Fields?",hotel_facilities
What are the check-in times at Resort Hotel for arrival on 5 March?,checkin_checkout
Can guest Kendra Fields request early check-in or late check-out at Resort Hotel?,checkin_checkout
I want to modify booking dates for guest Kendra Fields at Resort Hotel,modify_booking
Can I change my reservation from 7 nights for Kendra Fields?,modify_booking
Is Room Type A available at City Hotel for Victor Thomas?,availability
Can I reserve a room for Victor Thomas for 1 nights?,book_room
How much is Room Type A at rate 94.0 per night?,room_price
Is SC meal package included for Victor Thomas's room?,breakfast
Do you provide 1 parking space for reservation under Victor Thomas?,parking
Is parking space available at City Hotel for guest 735-009-9616?,parking
Can I cancel my booking under Victor Thomas?,cancel_booking
Check reservation status for Victor Thomas with status Check-Out,booking_status
Is booking status for Victor Thomas confirmed at City Hotel?,booking_status
What payment methods do you accept for No Deposit booking under Victor Thomas?,payment
"Does City Hotel feature a swimming pool, spa and gym for Victor Thomas?",hotel_facilities
Can guest Victor Thomas request early check-in or late check-out at City Hotel?,checkin_checkout
I want to modify booking dates for guest Victor Thomas at City Hotel,modify_booking
Can I change my reservation from 1 nights for Victor Thomas?,modify_booking
Is Room Type A available at City Hotel for Michelle Gregory?,availability
Can I reserve a room for Michelle Gregory for 2 nights?,book_room
Is BB meal package included for Michelle Gregory's room?,breakfast
Do you provide 0 parking space for reservation under Michelle Gregory?,parking
Is parking space available at City Hotel for guest 413-686-9007?,parking
Can I cancel my booking under Michelle Gregory?,cancel_booking
Check reservation status for Michelle Gregory with status Canceled,booking_status
Is booking status for Michelle Gregory confirmed at City Hotel?,booking_status
What payment methods do you accept for Non Refund booking under Michelle Gregory?,payment
"Does City Hotel feature a swimming pool, spa and gym for Michelle Gregory?",hotel_facilities
What are the check-in times at City Hotel for arrival on 16 June?,checkin_checkout
Can guest Michelle Gregory request early check-in or late check-out at City Hotel?,checkin_checkout
I want to modify booking dates for guest Michelle Gregory at City Hotel,modify_booking
Can I change my reservation from 2 nights for Michelle Gregory?,modify_booking
Is Room Type A available at City Hotel for Kimberly Kim?,availability
Do you have room availability for 1 adults in November 2016?,availability
Can I reserve a room for Kimberly Kim for 15 nights?,book_room
How much is Room Type A at rate 74.8 per night?,room_price
Is BB meal package included for Kimberly Kim's room?,breakfast
Do you provide 0 parking space for reservation under Kimberly Kim?,parking
Is parking space available at City Hotel for guest 860-264-0882?,parking
Can I cancel my booking under Kimberly Kim?,cancel_booking
Check reservation status for Kimberly Kim with status Canceled,booking_status
Is booking status for Kimberly Kim confirmed at City Hotel?,booking_status
What payment methods do you accept for No Deposit booking under Kimberly Kim?,payment
"Does City Hotel feature a swimming pool, spa and gym for Kimberly Kim?",hotel_facilities
What are the check-in times at City Hotel for arrival on 29 November?,checkin_checkout
Can guest Kimberly Kim request early check-in or late check-out at City Hotel?,checkin_checkout
I want to modify booking dates for guest Kimberly Kim at City Hotel,modify_booking
Can I change my reservation from 15 nights for Kimberly Kim?,modify_booking
Is Room Type A available at City Hotel for James Patterson?,availability
Can I reserve a room for James Patterson for 7 nights?,book_room
How much is Room Type A at rate 125.0 per night?,room_price
Is SC meal package included for James Patterson's room?,breakfast
Do you provide 0 parking space for reservation under James Patterson?,parking
Is parking space available at City Hotel for guest 814-852-8505?,parking
Can I cancel my booking under James Patterson?,cancel_booking
Check reservation status for James Patterson with status Check-Out,booking_status
Is booking status for James Patterson confirmed at City Hotel?,booking_status
What payment methods do you accept for No Deposit booking under James Patterson?,payment
"Does City Hotel feature a swimming pool, spa and gym for James Patterson?",hotel_facilities
What are the check-in times at City Hotel for arrival on 1 August?,checkin_checkout
Can guest James Patterson request early check-in or late check-out at City Hotel?,checkin_checkout
I want to modify booking dates for guest James Patterson at City Hotel,modify_booking
Can I change my reservation from 7 nights for James Patterson?,modify_booking
Is Room Type A available at City Hotel for Sarah Scott?,availability
Can I reserve a room for Sarah Scott for 6 nights?,book_room
Is BB meal package included for Sarah Scott's room?,breakfast
Do you provide 0 parking space for reservation under Sarah Scott?,parking
Is parking space available at City Hotel for guest 443-817-6604?,parking
Can I cancel my booking under Sarah Scott?,cancel_booking
Check reservation status for Sarah Scott with status Canceled,booking_status
Is booking status for Sarah Scott confirmed at City Hotel?,booking_status
What payment methods do you accept for No Deposit booking under Sarah Scott?,payment
"Does City Hotel feature a swimming pool, spa and gym for Sarah Scott?",hotel_facilities
Can guest Sarah Scott request early check-in or late check-out at City Hotel?,checkin_checkout
I want to modify booking dates for guest Sarah Scott at City Hotel,modify_booking
Can I change my reservation from 6 nights for Sarah Scott?,modify_booking
Is Room Type A available at City Hotel for Tracy Mcintyre?,availability
Can I reserve a room for Tracy Mcintyre for 4 nights?,book_room
Is SC meal package included for Tracy Mcintyre's room?,breakfast
Do you provide 0 parking space for reservation under Tracy Mcintyre?,parking
Is parking space available at City Hotel for guest 113-043-1491?,parking
Can I cancel my booking under Tracy Mcintyre?,cancel_booking
Check reservation status for Tracy Mcintyre with status Canceled,booking_status
Is booking status for Tracy Mcintyre confirmed at City Hotel?,booking_status
What payment methods do you accept for No Deposit booking under Tracy Mcintyre?,payment
"Does City Hotel feature a swimming pool, spa and gym for Tracy Mcintyre?",hotel_facilities
What are the check-in times at City Hotel for arrival on 14 April?,checkin_checkout
Can guest Tracy Mcintyre request early check-in or late check-out at City Hotel?,checkin_checkout
I want to modify booking dates for guest Tracy Mcintyre at City Hotel,modify_booking
Can I change my reservation from 4 nights for Tracy Mcintyre?,modify_booking
Is Room Type E available at Resort Hotel for Donald Ho?,availability
Can I reserve a room for Donald Ho for 7 nights?,book_room
How much is Room Type E at rate 60.3 per night?,room_price
Is HB meal package included for Donald Ho's room?,breakfast
Do you provide 0 parking space for reservation under Donald Ho?,parking
Is parking space available at Resort Hotel for guest 103-757-7776?,parking
Can I cancel my booking under Donald Ho?,cancel_booking
Check reservation status for Donald Ho with status Canceled,booking_status
Is booking status for Donald Ho confirmed at Resort Hotel?,booking_status
What payment methods do you accept for Non Refund booking under Donald Ho?,payment
Do I need to pay deposit Non Refund for Room Type E?,payment
"Does Resort Hotel feature a swimming pool, spa and gym for Donald Ho?",hotel_facilities
Can guest Donald Ho request early check-in or late check-out at Resort Hotel?,checkin_checkout
I want to modify booking dates for guest Donald Ho at Resort Hotel,modify_booking
Can I change my reservation from 7 nights for Donald Ho?,modify_booking
Is Room Type A available at City Hotel for Latasha Willis?,availability
Can I reserve a room for Latasha Willis for 2 nights?,book_room
Is BB meal package included for Latasha Willis's room?,breakfast
Do you provide 0 parking space for reservation under Latasha Willis?,parking
Is parking space available at City Hotel for guest 518-090-1565?,parking
Can I cancel my booking under Latasha Willis?,cancel_booking
Check reservation status for Latasha Willis with status Check-Out,booking_status
Is booking status for Latasha Willis confirmed at City Hotel?,booking_status
What payment methods do you accept for No Deposit booking under Latasha Willis?,payment
"Does City Hotel feature a swimming pool, spa and gym for Latasha Willis?",hotel_facilities
What are the check-in times at City Hotel for arrival on 27 March?,checkin_checkout
Can guest Latasha Willis request early check-in or late check-out at City Hotel?,checkin_checkout
I want to modify booking dates for guest Latasha Willis at City Hotel,modify_booking
Can I change my reservation from 2 nights for Latasha Willis?,modify_booking
Is Room Type A available at Resort Hotel for Tammy Snyder?,availability
Can I reserve a room for Tammy Snyder for 3 nights?,book_room
How much is Room Type A at rate 92.0 per night?,room_price
Is FB meal package included for Tammy Snyder's room?,breakfast
Do you provide 0 parking space for reservation under Tammy Snyder?,parking
Is parking space available at Resort Hotel for guest 162-575-4708?,parking
Can I cancel my booking under Tammy Snyder?,cancel_booking
Check reservation status for Tammy Snyder with status Canceled,booking_status
Is booking status for Tammy Snyder confirmed at Resort Hotel?,booking_status
What payment methods do you accept for Non Refund booking under Tammy Snyder?,payment
"Does Resort Hotel feature a swimming pool, spa and gym for Tammy Snyder?",hotel_facilities
Can guest Tammy Snyder request early check-in or late check-out at Resort Hotel?,checkin_checkout
I want to modify booking dates for guest Tammy Snyder at Resort Hotel,modify_booking
Can I change my reservation from 3 nights for Tammy Snyder?,modify_booking
Is Room Type A available at Resort Hotel for Tami Cooper?,availability
Can I reserve a room for Tami Cooper for 6 nights?,book_room
How much is Room Type A at rate 118.17 per night?,room_price
Is BB meal package included for Tami Cooper's room?,breakfast
Do you provide 0 parking space for reservation under Tami Cooper?,parking
Is parking space available at Resort Hotel for guest 203-455-8054?,parking
Can I cancel my booking under Tami Cooper?,cancel_booking
Check reservation status for Tami Cooper with status Check-Out,booking_status
Is booking status for Tami Cooper confirmed at Resort Hotel?,booking_status
What payment methods do you accept for No Deposit booking under Tami Cooper?,payment
"Does Resort Hotel feature a swimming pool, spa and gym for Tami Cooper?",hotel_facilities
What are the check-in times at Resort Hotel for arrival on 27 July?,checkin_checkout
Can guest Tami Cooper request early check-in or late check-out at Resort Hotel?,checkin_checkout
I want to modify booking dates for guest Tami Cooper at Resort Hotel,modify_booking
Can I change my reservation from 6 nights for Tami Cooper?,modify_booking
Is Room Type E available at Resort Hotel for Eric Moreno?,availability
Can I reserve a room for Eric Moreno for 3 nights?,book_room
How much is Room Type E at rate 76.0 per night?,room_price
Is BB meal package included for Eric Moreno's room?,breakfast
Do you provide 0 parking space for reservation under Eric Moreno?,parking
Is parking space available at Resort Hotel for guest 611-234-7144?,parking
Can I cancel my booking under Eric Moreno?,cancel_booking
Check reservation status for Eric Moreno with status Check-Out,booking_status
Is booking status for Eric Moreno confirmed at Resort Hotel?,booking_status
What payment methods do you accept for No Deposit booking under Eric Moreno?,payment
"Does Resort Hotel feature a swimming pool, spa and gym for Eric Moreno?",hotel_facilities
What are the check-in times at Resort Hotel for arrival on 17 February?,checkin_checkout
Can guest Eric Moreno request early check-in or late check-out at Resort Hotel?,checkin_checkout
I want to modify booking dates for guest Eric Moreno at Resort Hotel,modify_booking
Can I change my reservation from 3 nights for Eric Moreno?,modify_booking
Is Room Type A available at City Hotel for Nancy Rubio?,availability
Can I reserve a room for Nancy Rubio for 3 nights?,book_room
How much is Room Type A at rate 107.1 per night?,room_price
Is BB meal package included for Nancy Rubio's room?,breakfast
Do you provide 0 parking space for reservation under Nancy Rubio?,parking
Is parking space available at City Hotel for guest 700-300-8777?,parking
Can I cancel my booking under Nancy Rubio?,cancel_booking
Check reservation status for Nancy Rubio with status Check-Out,booking_status
Is booking status for Nancy Rubio confirmed at City Hotel?,booking_status
What payment methods do you accept for No Deposit booking under Nancy Rubio?,payment
"Does City Hotel feature a swimming pool, spa and gym for Nancy Rubio?",hotel_facilities
What are the check-in times at City Hotel for arrival on 7 July?,checkin_checkout
Can guest Nancy Rubio request early check-in or late check-out at City Hotel?,checkin_checkout
I want to modify booking dates for guest Nancy Rubio at City Hotel,modify_booking
Can I change my reservation from 3 nights for Nancy Rubio?,modify_booking
Is Room Type A available at City Hotel for Jermaine Malone?,availability
Can I reserve a room for Jermaine Malone for 2 nights?,book_room
How much is Room Type A at rate 93.6 per night?,room_price
Is BB meal package included for Jermaine Malone's room?,breakfast
Do you provide 0 parking space for reservation under Jermaine Malone?,parking
Is parking space available at City Hotel for guest 276-538-4558?,parking
Can I cancel my booking under Jermaine Malone?,cancel_booking
Check reservation status for Jermaine Malone with status Canceled,booking_status
Is booking status for Jermaine Malone confirmed at City Hotel?,booking_status
What payment methods do you accept for No Deposit booking under Jermaine Malone?,payment
"Does City Hotel feature a swimming pool, spa and gym for Jermaine Malone?",hotel_facilities
What are the check-in times at City Hotel for arrival on 20 January?,checkin_checkout
Can guest Jermaine Malone request early check-in or late check-out at City Hotel?,checkin_checkout
I want to modify booking dates for guest Jermaine Malone at City Hotel,modify_booking
Can I change my reservation from 2 nights for Jermaine Malone?,modify_booking
Is Room Type A available at Resort Hotel for Kylie Williams?,availability
Can I reserve a room for Kylie Williams for 2 nights?,book_room
Is HB meal package included for Kylie Williams's room?,breakfast
Do you provide 0 parking space for reservation under Kylie Williams?,parking
Is parking space available at Resort Hotel for guest 736-878-2359?,parking
Can I cancel my booking under Kylie Williams?,cancel_booking
Check reservation status for Kylie Williams with status Canceled,booking_status
Is booking status for Kylie Williams confirmed at Resort Hotel?,booking_status
What payment methods do you accept for No Deposit booking under Kylie Williams?,payment
"Does Resort Hotel feature a swimming pool, spa and gym for Kylie Williams?",hotel_facilities
What are the check-in times at Resort Hotel for arrival on 2 May?,checkin_checkout
Can guest Kylie Williams request early check-in or late check-out at Resort Hotel?,checkin_checkout
I want to modify booking dates for guest Kylie Williams at Resort Hotel,modify_booking
Can I change my reservation from 2 nights for Kylie Williams?,modify_booking
Is Room Type D available at Resort Hotel for Samantha Lopez?,availability
Can I reserve a room for Samantha Lopez for 6 nights?,book_room
How much is Room Type D at rate 194.0 per night?,room_price
Is BB meal package included for Samantha Lopez's room?,breakfast
Do you provide 0 parking space for reservation under Samantha Lopez?,parking
Is parking space available at Resort Hotel for guest 229-854-3895?,parking
Can I cancel my booking under Samantha Lopez?,cancel_booking
Check reservation status for Samantha Lopez with status Canceled,booking_status
Is booking status for Samantha Lopez confirmed at Resort Hotel?,booking_status
What payment methods do you accept for No Deposit booking under Samantha Lopez?,payment
"Does Resort Hotel feature a swimming pool, spa and gym for Samantha Lopez?",hotel_facilities
What are the check-in times at Resort Hotel for arrival on 22 July?,checkin_checkout
Can guest Samantha Lopez request early check-in or late check-out at Resort Hotel?,checkin_checkout
I want to modify booking dates for guest Samantha Lopez at Resort Hotel,modify_booking
Can I change my reservation from 6 nights for Samantha Lopez?,modify_booking
Is Room Type D available at City Hotel for Cynthia Romero?,availability
I want to book Room Type D for 1 guests at City Hotel,book_room
Can I reserve a room for Cynthia Romero for 2 nights?,book_room
How much is Room Type D at rate 94.0 per night?,room_price
Is BB meal package included for Cynthia Romero's room?,breakfast
Do you provide 0 parking space for reservation under Cynthia Romero?,parking
Is parking space available at City Hotel for guest 177-437-0387?,parking
Can I cancel my booking under Cynthia Romero?,cancel_booking
Check reservation status for Cynthia Romero with status Canceled,booking_status
Is booking status for Cynthia Romero confirmed at City Hotel?,booking_status
What payment methods do you accept for No Deposit booking under Cynthia Romero?,payment
"Does City Hotel feature a swimming pool, spa and gym for Cynthia Romero?",hotel_facilities
What are the check-in times at City Hotel for arrival on 2 November?,checkin_checkout
Can guest Cynthia Romero request early check-in or late check-out at City Hotel?,checkin_checkout
I want to modify booking dates for guest Cynthia Romero at City Hotel,modify_booking
Can I change my reservation from 2 nights for Cynthia Romero?,modify_booking
Is Room Type A available at City Hotel for Kelly Smith?,availability
Can I reserve a room for Kelly Smith for 4 nights?,book_room
How much is Room Type A at rate 79.15 per night?,room_price
Is BB meal package included for Kelly Smith's room?,breakfast
Do you provide 0 parking space for reservation under Kelly Smith?,parking
Is parking space available at City Hotel for guest 902-128-5191?,parking
Can I cancel my booking under Kelly Smith?,cancel_booking
Check reservation status for Kelly Smith with status Check-Out,booking_status
Is booking status for Kelly Smith confirmed at City Hotel?,booking_status
What payment methods do you accept for No Deposit booking under Kelly Smith?,payment
"Does City Hotel feature a swimming pool, spa and gym for Kelly Smith?",hotel_facilities
Can guest Kelly Smith request early check-in or late check-out at City Hotel?,checkin_checkout
I want to modify booking dates for guest Kelly Smith at City Hotel,modify_booking
Can I change my reservation from 4 nights for Kelly Smith?,modify_booking
Is Room Type A available at City Hotel for Christopher Burns?,availability
Can I reserve a room for Christopher Burns for 5 nights?,book_room
How much is Room Type A at rate 106.68 per night?,room_price
Is SC meal package included for Christopher Burns's room?,breakfast
Do you provide 0 parking space for reservation under Christopher Burns?,parking
Is parking space available at City Hotel for guest 255-780-4399?,parking
Can I cancel my booking under Christopher Burns?,cancel_booking
Check reservation status for Christopher Burns with status Check-Out,booking_status
Is booking status for Christopher Burns confirmed at City Hotel?,booking_status
What payment methods do you accept for No Deposit booking under Christopher Burns?,payment
"Does City Hotel feature a swimming pool, spa and gym for Christopher Burns?",hotel_facilities
What are the check-in times at City Hotel for arrival on 6 November?,checkin_checkout
Can guest Christopher Burns request early check-in or late check-out at City Hotel?,checkin_checkout
I want to modify booking dates for guest Christopher Burns at City Hotel,modify_booking
Can I change my reservation from 5 nights for Christopher Burns?,modify_booking
Is Room Type A available at City Hotel for Tyler Romero?,availability
Can I reserve a room for Tyler Romero for 3 nights?,book_room
Is BB meal package included for Tyler Romero's room?,breakfast
Do you provide 0 parking space for reservation under Tyler Romero?,parking
Is parking space available at City Hotel for guest 121-066-2799?,parking
Can I cancel my booking under Tyler Romero?,cancel_booking
Check reservation status for Tyler Romero with status Canceled,booking_status
Is booking status for Tyler Romero confirmed at City Hotel?,booking_status
What payment methods do you accept for Non Refund booking under Tyler Romero?,payment
"Does City Hotel feature a swimming pool, spa and gym for Tyler Romero?",hotel_facilities
What are the check-in times at City Hotel for arrival on 3 August?,checkin_checkout
Can guest Tyler Romero request early check-in or late check-out at City Hotel?,checkin_checkout
I want to modify booking dates for guest Tyler Romero at City Hotel,modify_booking
Can I change my reservation from 3 nights for Tyler Romero?,modify_booking
Is Room Type A available at City Hotel for Philip Cortez?,availability
Can I reserve a room for Philip Cortez for 5 nights?,book_room
How much is Room Type A at rate 75.95 per night?,room_price
Is BB meal package included for Philip Cortez's room?,breakfast
Do you provide 0 parking space for reservation under Philip Cortez?,parking
Is parking space available at City Hotel for guest 539-210-2890?,parking
Can I cancel my booking under Philip Cortez?,cancel_booking
Check reservation status for Philip Cortez with status Check-Out,booking_status
Is booking status for Philip Cortez confirmed at City Hotel?,booking_status
What payment methods do you accept for No Deposit booking under Philip Cortez?,payment
"Does City Hotel feature a swimming pool, spa and gym for Philip Cortez?",hotel_facilities
What are the check-in times at City Hotel for arrival on 8 February?,checkin_checkout
Can guest Philip Cortez request early check-in or late check-out at City Hotel?,checkin_checkout
I want to modify booking dates for guest Philip Cortez at City Hotel,modify_booking
Can I change my reservation from 5 nights for Philip Cortez?,modify_booking
Is Room Type A available at Resort Hotel for Andrea Weber?,availability
Can I reserve a room for Andrea Weber for 1 nights?,book_room
Is BB meal package included for Andrea Weber's room?,breakfast
Do you provide 0 parking space for reservation under Andrea Weber?,parking
Is parking space available at Resort Hotel for guest 136-176-1410?,parking
Can I cancel my booking under Andrea Weber?,cancel_booking
Check reservation status for Andrea Weber with status Check-Out,booking_status
Is booking status for Andrea Weber confirmed at Resort Hotel?,booking_status
What payment methods do you accept for No Deposit booking under Andrea Weber?,payment
"Does Resort Hotel feature a swimming pool, spa and gym for Andrea Weber?",hotel_facilities
What are the check-in times at Resort Hotel for arrival on 12 February?,checkin_checkout
Can guest Andrea Weber request early check-in or late check-out at Resort Hotel?,checkin_checkout
I want to modify booking dates for guest Andrea Weber at Resort Hotel,modify_booking
Can I change my reservation from 1 nights for Andrea Weber?,modify_booking
Is Room Type A available at Resort Hotel for Dr. Shelley Kidd?,availability
Can I reserve a room for Dr. Shelley Kidd for 3 nights?,book_room
How much is Room Type A at rate 272.7 per night?,room_price
Is HB meal package included for Dr. Shelley Kidd's room?,breakfast
Do you provide 0 parking space for reservation under Dr. Shelley Kidd?,parking
Is parking space available at Resort Hotel for guest 126-209-1517?,parking
Can I cancel my booking under Dr. Shelley Kidd?,cancel_booking
Check reservation status for Dr. Shelley Kidd with status Canceled,booking_status
Is booking status for Dr. Shelley Kidd confirmed at Resort Hotel?,booking_status
What payment methods do you accept for No Deposit booking under Dr. Shelley Kidd?,payment
"Does Resort Hotel feature a swimming pool, spa and gym for Dr. Shelley Kidd?",hotel_facilities
What are the check-in times at Resort Hotel for arrival on 4 August?,checkin_checkout
Can guest Dr. Shelley Kidd request early check-in or late check-out at Resort Hotel?,checkin_checkout
I want to modify booking dates for guest Dr. Shelley Kidd at Resort Hotel,modify_booking
Can I change my reservation from 3 nights for Dr. Shelley Kidd?,modify_booking
Is Room Type A available at City Hotel for Andrea Price MD?,availability
Can I reserve a room for Andrea Price MD for 2 nights?,book_room
How much is Room Type A at rate 105.3 per night?,room_price
Is BB meal package included for Andrea Price MD's room?,breakfast
Do you provide 1 parking space for reservation under Andrea Price MD?,parking
Is parking space available at City Hotel for guest 834-105-4218?,parking
Can I cancel my booking under Andrea Price MD?,cancel_booking
Check reservation status for Andrea Price MD with status Check-Out,booking_status
Is booking status for Andrea Price MD confirmed at City Hotel?,booking_status
What payment methods do you accept for No Deposit booking under Andrea Price MD?,payment
"Does City Hotel feature a swimming pool, spa and gym for Andrea Price MD?",hotel_facilities
What are the check-in times at City Hotel for arrival on 6 August?,checkin_checkout
Can guest Andrea Price MD request early check-in or late check-out at City Hotel?,checkin_checkout
I want to modify booking dates for guest Andrea Price MD at City Hotel,modify_booking
Can I change my reservation from 2 nights for Andrea Price MD?,modify_booking
Is Room Type D available at City Hotel for Allison Webb?,availability
Can I reserve a room for Allison Webb for 4 nights?,book_room
How much is Room Type D at rate 95.13 per night?,room_price
Is BB meal package included for Allison Webb's room?,breakfast
Do you provide 0 parking space for reservation under Allison Webb?,parking
Is parking space available at City Hotel for guest 895-618-6387?,parking
Can I cancel my booking under Allison Webb?,cancel_booking
Check reservation status for Allison Webb with status Check-Out,booking_status
Is booking status for Allison Webb confirmed at City Hotel?,booking_status
What payment methods do you accept for No Deposit booking under Allison Webb?,payment
"Does City Hotel feature a swimming pool, spa and gym for Allison Webb?",hotel_facilities
What are the check-in times at City Hotel for arrival on 28 October?,checkin_checkout
Can guest Allison Webb request early check-in or late check-out at City Hotel?,checkin_checkout
I want to modify booking dates for guest Allison Webb at City Hotel,modify_booking
Can I change my reservation from 4 nights for Allison Webb?,modify_booking
Is Room Type A available at City Hotel for Daniel Patterson?,availability
Can I reserve a room for Daniel Patterson for 5 nights?,book_room
How much is Room Type A at rate 114.3 per night?,room_price
Is SC meal package included for Daniel Patterson's room?,breakfast
Do you provide 0 parking space for reservation under Daniel Patterson?,parking
Is parking space available at City Hotel for guest 521-074-0619?,parking
Can I cancel my booking under Daniel Patterson?,cancel_booking
Check reservation status for Daniel Patterson with status Canceled,booking_status
Is booking status for Daniel Patterson confirmed at City Hotel?,booking_status
What payment methods do you accept for No Deposit booking under Daniel Patterson?,payment
"Does City Hotel feature a swimming pool, spa and gym for Daniel Patterson?",hotel_facilities
What are the check-in times at City Hotel for arrival on 12 May?,checkin_checkout
Can guest Daniel Patterson request early check-in or late check-out at City Hotel?,checkin_checkout
I want to modify booking dates for guest Daniel Patterson at City Hotel,modify_booking
Can I change my reservation from 5 nights for Daniel Patterson?,modify_booking
Is Room Type A available at City Hotel for Mary Larsen DVM?,availability
Can I reserve a room for Mary Larsen DVM for 3 nights?,book_room
Is BB meal package included for Mary Larsen DVM's room?,breakfast
Do you provide 0 parking space for reservation under Mary Larsen DVM?,parking
Is parking space available at City Hotel for guest 519-421-1261?,parking
Can I cancel my booking under Mary Larsen DVM?,cancel_booking
Check reservation status for Mary Larsen DVM with status Canceled,booking_status
Is booking status for Mary Larsen DVM confirmed at City Hotel?,booking_status
What payment methods do you accept for No Deposit booking under Mary Larsen DVM?,payment
"Does City Hotel feature a swimming pool, spa and gym for Mary Larsen DVM?",hotel_facilities
What are the check-in times at City Hotel for arrival on 29 October?,checkin_checkout
Can guest Mary Larsen DVM request early check-in or late check-out at City Hotel?,checkin_checkout
I want to modify booking dates for guest Mary Larsen DVM at City Hotel,modify_booking
Can I change my reservation from 3 nights for Mary Larsen DVM?,modify_booking
Is Room Type A available at City Hotel for Tina Williams?,availability
Can I reserve a room for Tina Williams for 5 nights?,book_room
Is BB meal package included for Tina Williams's room?,breakfast
Do you provide 0 parking space for reservation under Tina Williams?,parking
Is parking space available at City Hotel for guest 230-653-1407?,parking
Can I cancel my booking under Tina Williams?,cancel_booking
Check reservation status for Tina Williams with status Canceled,booking_status
Is booking status for Tina Williams confirmed at City Hotel?,booking_status
What payment methods do you accept for Non Refund booking under Tina Williams?,payment
"Does City Hotel feature a swimming pool, spa and gym for Tina Williams?",hotel_facilities
Can guest Tina Williams request early check-in or late check-out at City Hotel?,checkin_checkout
I want to modify booking dates for guest Tina Williams at City Hotel,modify_booking
Can I change my reservation from 5 nights for Tina Williams?,modify_booking
Is Room Type A available at City Hotel for Matthew Gutierrez?,availability
Do you have room availability for 1 adults in May 2016?,availability
Can I reserve a room for Matthew Gutierrez for 2 nights?,book_room
Is BB meal package included for Matthew Gutierrez's room?,breakfast
Do you provide 0 parking space for reservation under Matthew Gutierrez?,parking
Is parking space available at City Hotel for guest 292-464-1153?,parking
Can I cancel my booking under Matthew Gutierrez?,cancel_booking
Check reservation status for Matthew Gutierrez with status Canceled,booking_status
Is booking status for Matthew Gutierrez confirmed at City Hotel?,booking_status
What payment methods do you accept for Non Refund booking under Matthew Gutierrez?,payment
"Does City Hotel feature a swimming pool, spa and gym for Matthew Gutierrez?",hotel_facilities
Can guest Matthew Gutierrez request early check-in or late check-out at City Hotel?,checkin_checkout
I want to modify booking dates for guest Matthew Gutierrez at City Hotel,modify_booking
Can I change my reservation from 2 nights for Matthew Gutierrez?,modify_booking
Is Room Type A available at City Hotel for Jennifer Dawson?,availability
Can I reserve a room for Jennifer Dawson for 4 nights?,book_room
How much is Room Type A at rate 170.0 per night?,room_price
Is BB meal package included for Jennifer Dawson's room?,breakfast
Do you provide 0 parking space for reservation under Jennifer Dawson?,parking
Is parking space available at City Hotel for guest 504-945-5666?,parking
Can I cancel my booking under Jennifer Dawson?,cancel_booking
Check reservation status for Jennifer Dawson with status Check-Out,booking_status
Is booking status for Jennifer Dawson confirmed at City Hotel?,booking_status
What payment methods do you accept for No Deposit booking under Jennifer Dawson?,payment
"Does City Hotel feature a swimming pool, spa and gym for Jennifer Dawson?",hotel_facilities
Can guest Jennifer Dawson request early check-in or late check-out at City Hotel?,checkin_checkout
I want to modify booking dates for guest Jennifer Dawson at City Hotel,modify_booking
Can I change my reservation from 4 nights for Jennifer Dawson?,modify_booking
Is Room Type C available at Resort Hotel for Amanda Jones?,availability
I want to book Room Type C for 2 guests at Resort Hotel,book_room
Can I reserve a room for Amanda Jones for 4 nights?,book_room
How much is Room Type C at rate 211.25 per night?,room_price
Is BB meal package included for Amanda Jones's room?,breakfast
What breakfast package is available for Room Type C?,breakfast
Do you provide 0 parking space for reservation under Amanda Jones?,parking
Is parking space available at Resort Hotel for guest 996-584-5223?,parking
Can I cancel my booking under Amanda Jones?,cancel_booking
Check reservation status for Amanda Jones with status Check-Out,booking_status
Is booking status for Amanda Jones confirmed at Resort Hotel?,booking_status
What payment methods do you accept for No Deposit booking under Amanda Jones?,payment
Do I need to pay deposit No Deposit for Room Type C?,payment
"Does Resort Hotel feature a swimming pool, spa and gym for Amanda Jones?",hotel_facilities
What are the check-in times at Resort Hotel for arrival on 26 July?,checkin_checkout
Can guest Amanda Jones request early check-in or late check-out at Resort Hotel?,checkin_checkout
I want to modify booking dates for guest Amanda Jones at Resort Hotel,modify_booking
Can I change my reservation from 4 nights for Amanda Jones?,modify_booking
Is Room Type A available at Resort Hotel for David Sims?,availability
Can I reserve a room for David Sims for 3 nights?,book_room
How much is Room Type A at rate 47.0 per night?,room_price
Is BB meal package included for David Sims's room?,breakfast
Do you provide 0 parking space for reservation under David Sims?,parking
Is parking space available at Resort Hotel for guest 904-868-5426?,parking
Can I cancel my booking under David Sims?,cancel_booking
Check reservation status for David Sims with status Check-Out,booking_status
Is booking status for David Sims confirmed at Resort Hotel?,booking_status
What payment methods do you accept for No Deposit booking under David Sims?,payment
"Does Resort Hotel feature a swimming pool, spa and gym for David Sims?",hotel_facilities
What are the check-in times at Resort Hotel for arrival on 23 October?,checkin_checkout
Can guest David Sims request early check-in or late check-out at Resort Hotel?,checkin_checkout
I want to modify booking dates for guest David Sims at Resort Hotel,modify_booking
Can I change my reservation from 3 nights for David Sims?,modify_booking
Is Room Type A available at Resort Hotel for Tony Daniel?,availability
Can I reserve a room for Tony Daniel for 1 nights?,book_room
How much is Room Type A at rate 149.0 per night?,room_price
Is BB meal package included for Tony Daniel's room?,breakfast
Do you provide 0 parking space for reservation under Tony Daniel?,parking
Is parking space available at Resort Hotel for guest 312-282-0431?,parking
Can I cancel my booking under Tony Daniel?,cancel_booking
Check reservation status for Tony Daniel with status Check-Out,booking_status
Is booking status for Tony Daniel confirmed at Resort Hotel?,booking_status
What payment methods do you accept for No Deposit booking under Tony Daniel?,payment
"Does Resort Hotel feature a swimming pool, spa and gym for Tony Daniel?",hotel_facilities
What are the check-in times at Resort Hotel for arrival on 11 August?,checkin_checkout
Can guest Tony Daniel request early check-in or late check-out at Resort Hotel?,checkin_checkout
I want to modify booking dates for guest Tony Daniel at Resort Hotel,modify_booking
Can I change my reservation from 1 nights for Tony Daniel?,modify_booking
Is Room Type A available at Resort Hotel for Kerry Bradford?,availability
Can I reserve a room for Kerry Bradford for 5 nights?,book_room
How much is Room Type A at rate 52.2 per night?,room_price
Is BB meal package included for Kerry Bradford's room?,breakfast
Do you provide 0 parking space for reservation under Kerry Bradford?,parking
Is parking space available at Resort Hotel for guest 840-134-3859?,parking
Can I cancel my booking under Kerry Bradford?,cancel_booking
Check reservation status for Kerry Bradford with status Check-Out,booking_status
Is booking status for Kerry Bradford confirmed at Resort Hotel?,booking_status
What payment methods do you accept for No Deposit booking under Kerry Bradford?,payment
"Does Resort Hotel feature a swimming pool, spa and gym for Kerry Bradford?",hotel_facilities
What are the check-in times at Resort Hotel for arrival on 3 April?,checkin_checkout
Can guest Kerry Bradford request early check-in or late check-out at Resort Hotel?,checkin_checkout
I want to modify booking dates for guest Kerry Bradford at Resort Hotel,modify_booking
Can I change my reservation from 5 nights for Kerry Bradford?,modify_booking
Is Room Type A available at City Hotel for Shannon Bailey?,availability
Can I reserve a room for Shannon Bailey for 4 nights?,book_room
Is BB meal package included for Shannon Bailey's room?,breakfast
Do you provide 0 parking space for reservation under Shannon Bailey?,parking
Is parking space available at City Hotel for guest 228-904-0632?,parking
Can I cancel my booking under Shannon Bailey?,cancel_booking
Check reservation status for Shannon Bailey with status Check-Out,booking_status
Is booking status for Shannon Bailey confirmed at City Hotel?,booking_status
What payment methods do you accept for No Deposit booking under Shannon Bailey?,payment
"Does City Hotel feature a swimming pool, spa and gym for Shannon Bailey?",hotel_facilities
What are the check-in times at City Hotel for arrival on 2 April?,checkin_checkout
Can guest Shannon Bailey request early check-in or late check-out at City Hotel?,checkin_checkout
I want to modify booking dates for guest Shannon Bailey at City Hotel,modify_booking
Can I change my reservation from 4 nights for Shannon Bailey?,modify_booking
Is Room Type A available at City Hotel for Timothy Potter?,availability
Can I reserve a room for Timothy Potter for 2 nights?,book_room
Is BB meal package included for Timothy Potter's room?,breakfast
Do you provide 0 parking space for reservation under Timothy Potter?,parking
Is parking space available at City Hotel for guest 905-153-5101?,parking
Can I cancel my booking under Timothy Potter?,cancel_booking
Check reservation status for Timothy Potter with status Check-Out,booking_status
Is booking status for Timothy Potter confirmed at City Hotel?,booking_status
What payment methods do you accept for No Deposit booking under Timothy Potter?,payment
"Does City Hotel feature a swimming pool, spa and gym for Timothy Potter?",hotel_facilities
Can guest Timothy Potter request early check-in or late check-out at City Hotel?,checkin_checkout
I want to modify booking dates for guest Timothy Potter at City Hotel,modify_booking
Can I change my reservation from 2 nights for Timothy Potter?,modify_booking
Is Room Type A available at City Hotel for Samuel Brown?,availability
Can I reserve a room for Samuel Brown for 1 nights?,book_room
How much is Room Type A at rate 84.6 per night?,room_price
Is BB meal package included for Samuel Brown's room?,breakfast
Do you provide 0 parking space for reservation under Samuel Brown?,parking
Is parking space available at City Hotel for guest 971-431-4134?,parking
Can I cancel my booking under Samuel Brown?,cancel_booking
Check reservation status for Samuel Brown with status Canceled,booking_status
Is booking status for Samuel Brown confirmed at City Hotel?,booking_status
What payment methods do you accept for No Deposit booking under Samuel Brown?,payment
"Does City Hotel feature a swimming pool, spa and gym for Samuel Brown?",hotel_facilities
What are the check-in times at City Hotel for arrival on 17 November?,checkin_checkout
Can guest Samuel Brown request early check-in or late check-out at City Hotel?,checkin_checkout
I want to modify booking dates for guest Samuel Brown at City Hotel,modify_booking
Can I change my reservation from 1 nights for Samuel Brown?,modify_booking
Is Room Type A available at Resort Hotel for Michael Dunn?,availability
Can I reserve a room for Michael Dunn for 7 nights?,book_room
Is BB meal package included for Michael Dunn's room?,breakfast
Do you provide 0 parking space for reservation under Michael Dunn?,parking
Is parking space available at Resort Hotel for guest 350-830-7864?,parking
Can I cancel my booking under Michael Dunn?,cancel_booking
Check reservation status for Michael Dunn with status Check-Out,booking_status
Is booking status for Michael Dunn confirmed at Resort Hotel?,booking_status
What payment methods do you accept for No Deposit booking under Michael Dunn?,payment
"Does Resort Hotel feature a swimming pool, spa and gym for Michael Dunn?",hotel_facilities
Can guest Michael Dunn request early check-in or late check-out at Resort Hotel?,checkin_checkout
I want to modify booking dates for guest Michael Dunn at Resort Hotel,modify_booking
Can I change my reservation from 7 nights for Michael Dunn?,modify_booking
Is Room Type A available at City Hotel for Tracy Bond?,availability
Can I reserve a room for Tracy Bond for 3 nights?,book_room
Is BB meal package included for Tracy Bond's room?,breakfast
Do you provide 0 parking space for reservation under Tracy Bond?,parking
Is parking space available at City Hotel for guest 172-660-5308?,parking
Can I cancel my booking under Tracy Bond?,cancel_booking
Check reservation status for Tracy Bond with status Canceled,booking_status
Is booking status for Tracy Bond confirmed at City Hotel?,booking_status
What payment methods do you accept for Non Refund booking under Tracy Bond?,payment
"Does City Hotel feature a swimming pool, spa and gym for Tracy Bond?",hotel_facilities
What are the check-in times at City Hotel for arrival on 25 February?,checkin_checkout
Can guest Tracy Bond request early check-in or late check-out at City Hotel?,checkin_checkout
I want to modify booking dates for guest Tracy Bond at City Hotel,modify_booking
Can I change my reservation from 3 nights for Tracy Bond?,modify_booking
Is Room Type A available at City Hotel for Anna Brown?,availability
Can I reserve a room for Anna Brown for 3 nights?,book_room
Is BB meal package included for Anna Brown's room?,breakfast
Do you provide 0 parking space for reservation under Anna Brown?,parking
Is parking space available at City Hotel for guest 448-612-5410?,parking
Can I cancel my booking under Anna Brown?,cancel_booking
Check reservation status for Anna Brown with status Canceled,booking_status
Is booking status for Anna Brown confirmed at City Hotel?,booking_status
What payment methods do you accept for Non Refund booking under Anna Brown?,payment
"Does City Hotel feature a swimming pool, spa and gym for Anna Brown?",hotel_facilities
Can guest Anna Brown request early check-in or late check-out at City Hotel?,checkin_checkout
I want to modify booking dates for guest Anna Brown at City Hotel,modify_booking
Can I change my reservation from 3 nights for Anna Brown?,modify_booking
Is Room Type A available at City Hotel for Crystal Green?,availability
Can I reserve a room for Crystal Green for 1 nights?,book_room
How much is Room Type A at rate 59.0 per night?,room_price
Is BB meal package included for Crystal Green's room?,breakfast
Do you provide 0 parking space for reservation under Crystal Green?,parking
Is parking space available at City Hotel for guest 528-945-0771?,parking
Can I cancel my booking under Crystal Green?,cancel_booking
Check reservation status for Crystal Green with status Canceled,booking_status
Is booking status for Crystal Green confirmed at City Hotel?,booking_status
What payment methods do you accept for Non Refund booking under Crystal Green?,payment
"Does City Hotel feature a swimming pool, spa and gym for Crystal Green?",hotel_facilities
What are the check-in times at City Hotel for arrival on 4 August?,checkin_checkout
Can guest Crystal Green request early check-in or late check-out at City Hotel?,checkin_checkout
I want to modify booking dates for guest Crystal Green at City Hotel,modify_booking
Can I change my reservation from 1 nights for Crystal Green?,modify_booking
Is Room Type D available at City Hotel for Cheryl Bradshaw?,availability
Can I reserve a room for Cheryl Bradshaw for 3 nights?,book_room
How much is Room Type D at rate 150.0 per night?,room_price
Is BB meal package included for Cheryl Bradshaw's room?,breakfast
Do you provide 0 parking space for reservation under Cheryl Bradshaw?,parking
Is parking space available at City Hotel for guest 708-828-5223?,parking
Can I cancel my booking under Cheryl Bradshaw?,cancel_booking
Check reservation status for Cheryl Bradshaw with status Check-Out,booking_status
Is booking status for Cheryl Bradshaw confirmed at City Hotel?,booking_status
What payment methods do you accept for No Deposit booking under Cheryl Bradshaw?,payment
"Does City Hotel feature a swimming pool, spa and gym for Cheryl Bradshaw?",hotel_facilities
Can guest Cheryl Bradshaw request early check-in or late check-out at City Hotel?,checkin_checkout
I want to modify booking dates for guest Cheryl Bradshaw at City Hotel,modify_booking
Can I change my reservation from 3 nights for Cheryl Bradshaw?,modify_booking
Is Room Type A available at Resort Hotel for Carolyn Hughes?,availability
Do you have room availability for 1 adults in March 2017?,availability
Can I reserve a room for Carolyn Hughes for 4 nights?,book_room
How much is Room Type A at rate 29.0 per night?,room_price
Is BB meal package included for Carolyn Hughes's room?,breakfast
Do you provide 0 parking space for reservation under Carolyn Hughes?,parking
Is parking space available at Resort Hotel for guest 127-529-5142?,parking
Can I cancel my booking under Carolyn Hughes?,cancel_booking
Check reservation status for Carolyn Hughes with status Check-Out,booking_status
Is booking status for Carolyn Hughes confirmed at Resort Hotel?,booking_status
What payment methods do you accept for No Deposit booking under Carolyn Hughes?,payment
"Does Resort Hotel feature a swimming pool, spa and gym for Carolyn Hughes?",hotel_facilities
What are the check-in times at Resort Hotel for arrival on 2 March?,checkin_checkout
Can guest Carolyn Hughes request early check-in or late check-out at Resort Hotel?,checkin_checkout
I want to modify booking dates for guest Carolyn Hughes at Resort Hotel,modify_booking
Can I change my reservation from 4 nights for Carolyn Hughes?,modify_booking
Is Room Type A available at City Hotel for Zachary Jackson?,availability
Can I reserve a room for Zachary Jackson for 3 nights?,book_room
How much is Room Type A at rate 86.0 per night?,room_price
Is HB meal package included for Zachary Jackson's room?,breakfast
Do you provide 0 parking space for reservation under Zachary Jackson?,parking
Is parking space available at City Hotel for guest 391-505-4492?,parking
Can I cancel my booking under Zachary Jackson?,cancel_booking
Check reservation status for Zachary Jackson with status Canceled,booking_status
Is booking status for Zachary Jackson confirmed at City Hotel?,booking_status
What payment methods do you accept for Non Refund booking under Zachary Jackson?,payment
"Does City Hotel feature a swimming pool, spa and gym for Zachary Jackson?",hotel_facilities
Can guest Zachary Jackson request early check-in or late check-out at City Hotel?,checkin_checkout
I want to modify booking dates for guest Zachary Jackson at City Hotel,modify_booking
Can I change my reservation from 3 nights for Zachary Jackson?,modify_booking
Is Room Type A available at City Hotel for Michele Humphrey?,availability
Can I reserve a room for Michele Humphrey for 3 nights?,book_room
Is BB meal package included for Michele Humphrey's room?,breakfast
Do you provide 0 parking space for reservation under Michele Humphrey?,parking
Is parking space available at City Hotel for guest 216-275-2404?,parking
Can I cancel my booking under Michele Humphrey?,cancel_booking
Check reservation status for Michele Humphrey with status Canceled,booking_status
Is booking status for Michele Humphrey confirmed at City Hotel?,booking_status
What payment methods do you accept for Non Refund booking under Michele Humphrey?,payment
"Does City Hotel feature a swimming pool, spa and gym for Michele Humphrey?",hotel_facilities
Can guest Michele Humphrey request early check-in or late check-out at City Hotel?,checkin_checkout
I want to modify booking dates for guest Michele Humphrey at City Hotel,modify_booking
Can I change my reservation from 3 nights for Michele Humphrey?,modify_booking
Is Room Type A available at City Hotel for Jonathan Young?,availability
Can I reserve a room for Jonathan Young for 3 nights?,book_room
Is BB meal package included for Jonathan Young's room?,breakfast
Do you provide 0 parking space for reservation under Jonathan Young?,parking
Is parking space available at City Hotel for guest 193-621-1901?,parking
Can I cancel my booking under Jonathan Young?,cancel_booking
Check reservation status for Jonathan Young with status Canceled,booking_status
Is booking status for Jonathan Young confirmed at City Hotel?,booking_status
What payment methods do you accept for Non Refund booking under Jonathan Young?,payment
"Does City Hotel feature a swimming pool, spa and gym for Jonathan Young?",hotel_facilities
Can guest Jonathan Young request early check-in or late check-out at City Hotel?,checkin_checkout
I want to modify booking dates for guest Jonathan Young at City Hotel,modify_booking
Can I change my reservation from 3 nights for Jonathan Young?,modify_booking
Is Room Type A available at City Hotel for Brian Krueger?,availability
Can I reserve a room for Brian Krueger for 4 nights?,book_room
How much is Room Type A at rate 114.75 per night?,room_price
Is BB meal package included for Brian Krueger's room?,breakfast
Do you provide 0 parking space for reservation under Brian Krueger?,parking
Is parking space available at City Hotel for guest 118-949-6053?,parking
Can I cancel my booking under Brian Krueger?,cancel_booking
Check reservation status for Brian Krueger with status Check-Out,booking_status
Is booking status for Brian Krueger confirmed at City Hotel?,booking_status
What payment methods do you accept for No Deposit booking under Brian Krueger?,payment
"Does City Hotel feature a swimming pool, spa and gym for Brian Krueger?",hotel_facilities
What are the check-in times at City Hotel for arrival on 25 May?,checkin_checkout
Can guest Brian Krueger request early check-in or late check-out at City Hotel?,checkin_checkout
I want to modify booking dates for guest Brian Krueger at City Hotel,modify_booking
Can I change my reservation from 4 nights for Brian Krueger?,modify_booking
Is Room Type E available at Resort Hotel for Tiffany Benitez?,availability
Can I reserve a room for Tiffany Benitez for 1 nights?,book_room
How much is Room Type E at rate 88.0 per night?,room_price
Is BB meal package included for Tiffany Benitez's room?,breakfast
Do you provide 0 parking space for reservation under Tiffany Benitez?,parking
Is parking space available at Resort Hotel for guest 921-521-9137?,parking
Can I cancel my booking under Tiffany Benitez?,cancel_booking
Check reservation status for Tiffany Benitez with status Canceled,booking_status
Is booking status for Tiffany Benitez confirmed at Resort Hotel?,booking_status
What payment methods do you accept for No Deposit booking under Tiffany Benitez?,payment
"Does Resort Hotel feature a swimming pool, spa and gym for Tiffany Benitez?",hotel_facilities
What are the check-in times at Resort Hotel for arrival on 29 October?,checkin_checkout
Can guest Tiffany Benitez request early check-in or late check-out at Resort Hotel?,checkin_checkout
I want to modify booking dates for guest Tiffany Benitez at Resort Hotel,modify_booking
Can I change my reservation from 1 nights for Tiffany Benitez?,modify_booking
Is Room Type B available at City Hotel for Nicole Brown?,availability
Can I reserve a room for Nicole Brown for 1 nights?,book_room
How much is Room Type B at rate 98.0 per night?,room_price
Is SC meal package included for Nicole Brown's room?,breakfast
Do you provide 0 parking space for reservation under Nicole Brown?,parking
Is parking space available at City Hotel for guest 634-073-1926?,parking
Can I cancel my booking under Nicole Brown?,cancel_booking
Check reservation status for Nicole Brown with status Check-Out,booking_status
Is booking status for Nicole Brown confirmed at City Hotel?,booking_status
What payment methods do you accept for No Deposit booking under Nicole Brown?,payment
"Does City Hotel feature a swimming pool, spa and gym for Nicole Brown?",hotel_facilities
What are the check-in times at City Hotel for arrival on 2 July?,checkin_checkout
Can guest Nicole Brown request early check-in or late check-out at City Hotel?,checkin_checkout
I want to modify booking dates for guest Nicole Brown at City Hotel,modify_booking
Can I change my reservation from 1 nights for Nicole Brown?,modify_booking
Is Room Type A available at City Hotel for Kyle Adkins?,availability
Can I reserve a room for Kyle Adkins for 4 nights?,book_room
How much is Room Type A at rate 147.5 per night?,room_price
Is BB meal package included for Kyle Adkins's room?,breakfast
Do you provide 0 parking space for reservation under Kyle Adkins?,parking
Is parking space available at City Hotel for guest 295-785-0505?,parking
Can I cancel my booking under Kyle Adkins?,cancel_booking
Check reservation status for Kyle Adkins with status Check-Out,booking_status
Is booking status for Kyle Adkins confirmed at City Hotel?,booking_status
What payment methods do you accept for No Deposit booking under Kyle Adkins?,payment
"Does City Hotel feature a swimming pool, spa and gym for Kyle Adkins?",hotel_facilities
What are the check-in times at City Hotel for arrival on 24 July?,checkin_checkout
Can guest Kyle Adkins request early check-in or late check-out at City Hotel?,checkin_checkout
I want to modify booking dates for guest Kyle Adkins at City Hotel,modify_booking
Can I change my reservation from 4 nights for Kyle Adkins?,modify_booking
Is Room Type A available at City Hotel for Brittany Anderson?,availability
Can I reserve a room for Brittany Anderson for 1 nights?,book_room
How much is Room Type A at rate 45.0 per night?,room_price
Is BB meal package included for Brittany Anderson's room?,breakfast
Do you provide 0 parking space for reservation under Brittany Anderson?,parking
Is parking space available at City Hotel for guest 596-151-5537?,parking
Can I cancel my booking under Brittany Anderson?,cancel_booking
Check reservation status for Brittany Anderson with status Check-Out,booking_status
Is booking status for Brittany Anderson confirmed at City Hotel?,booking_status
What payment methods do you accept for No Deposit booking under Brittany Anderson?,payment
"Does City Hotel feature a swimming pool, spa and gym for Brittany Anderson?",hotel_facilities
What are the check-in times at City Hotel for arrival on 28 April?,checkin_checkout
Can guest Brittany Anderson request early check-in or late check-out at City Hotel?,checkin_checkout
I want to modify booking dates for guest Brittany Anderson at City Hotel,modify_booking
Can I change my reservation from 1 nights for Brittany Anderson?,modify_booking
Is Room Type A available at Resort Hotel for Lauren Holmes?,availability
Can I reserve a room for Lauren Holmes for 2 nights?,book_room
Is BB meal package included for Lauren Holmes's room?,breakfast
Do you provide 0 parking space for reservation under Lauren Holmes?,parking
Is parking space available at Resort Hotel for guest 474-443-4047?,parking
Can I cancel my booking under Lauren Holmes?,cancel_booking
Check reservation status for Lauren Holmes with status Check-Out,booking_status
Is booking status for Lauren Holmes confirmed at Resort Hotel?,booking_status
What payment methods do you accept for No Deposit booking under Lauren Holmes?,payment
"Does Resort Hotel feature a swimming pool, spa and gym for Lauren Holmes?",hotel_facilities
What are the check-in times at Resort Hotel for arrival on 5 May?,checkin_checkout
Can guest Lauren Holmes request early check-in or late check-out at Resort Hotel?,checkin_checkout
I want to modify booking dates for guest Lauren Holmes at Resort Hotel,modify_booking
Can I change my reservation from 2 nights for Lauren Holmes?,modify_booking
Is Room Type A available at City Hotel for Margaret Collins?,availability
Can I reserve a room for Margaret Collins for 2 nights?,book_room
Is BB meal package included for Margaret Collins's room?,breakfast
Do you provide 0 parking space for reservation under Margaret Collins?,parking
Is parking space available at City Hotel for guest 421-442-4300?,parking
Can I cancel my booking under Margaret Collins?,cancel_booking
Check reservation status for Margaret Collins with status Canceled,booking_status
Is booking status for Margaret Collins confirmed at City Hotel?,booking_status
What payment methods do you accept for Non Refund booking under Margaret Collins?,payment
"Does City Hotel feature a swimming pool, spa and gym for Margaret Collins?",hotel_facilities
What are the check-in times at City Hotel for arrival on 19 May?,checkin_checkout
Can guest Margaret Collins request early check-in or late check-out at City Hotel?,checkin_checkout
I want to modify booking dates for guest Margaret Collins at City Hotel,modify_booking
Can I change my reservation from 2 nights for Margaret Collins?,modify_booking
Is Room Type A available at City Hotel for Katherine Lopez?,availability
Can I reserve a room for Katherine Lopez for 2 nights?,book_room
Is BB meal package included for Katherine Lopez's room?,breakfast
Do you provide 0 parking space for reservation under Katherine Lopez?,parking
Is parking space available at City Hotel for guest 511-353-7249?,parking
Can I cancel my booking under Katherine Lopez?,cancel_booking
Check reservation status for Katherine Lopez with status Check-Out,booking_status
Is booking status for Katherine Lopez confirmed at City Hotel?,booking_status
What payment methods do you accept for No Deposit booking under Katherine Lopez?,payment
"Does City Hotel feature a swimming pool, spa and gym for Katherine Lopez?",hotel_facilities
Can guest Katherine Lopez request early check-in or late check-out at City Hotel?,checkin_checkout
I want to modify booking dates for guest Katherine Lopez at City Hotel,modify_booking
Can I change my reservation from 2 nights for Katherine Lopez?,modify_booking
Is Room Type A available at Resort Hotel for Michaela Edwards?,availability
Can I reserve a room for Michaela Edwards for 3 nights?,book_room
Is BB meal package included for Michaela Edwards's room?,breakfast
Do you provide 0 parking space for reservation under Michaela Edwards?,parking
Is parking space available at Resort Hotel for guest 444-107-9203?,parking
Can I cancel my booking under Michaela Edwards?,cancel_booking
Check reservation status for Michaela Edwards with status Canceled,booking_status
Is booking status for Michaela Edwards confirmed at Resort Hotel?,booking_status
What payment methods do you accept for No Deposit booking under Michaela Edwards?,payment
"Does Resort Hotel feature a swimming pool, spa and gym for Michaela Edwards?",hotel_facilities
What are the check-in times at Resort Hotel for arrival on 27 January?,checkin_checkout
Can guest Michaela Edwards request early check-in or late check-out at Resort Hotel?,checkin_checkout
I want to modify booking dates for guest Michaela Edwards at Resort Hotel,modify_booking
Can I change my reservation from 3 nights for Michaela Edwards?,modify_booking
Is Room Type A available at City Hotel for Paul Aguilar?,availability
Can I reserve a room for Paul Aguilar for 2 nights?,book_room
Is HB meal package included for Paul Aguilar's room?,breakfast
Do you provide 0 parking space for reservation under Paul Aguilar?,parking
Is parking space available at City Hotel for guest 936-337-1472?,parking
Can I cancel my booking under Paul Aguilar?,cancel_booking
Check reservation status for Paul Aguilar with status Canceled,booking_status
Is booking status for Paul Aguilar confirmed at City Hotel?,booking_status
What payment methods do you accept for Non Refund booking under Paul Aguilar?,payment
"Does City Hotel feature a swimming pool, spa and gym for Paul Aguilar?",hotel_facilities
Can guest Paul Aguilar request early check-in or late check-out at City Hotel?,checkin_checkout
I want to modify booking dates for guest Paul Aguilar at City Hotel,modify_booking
Can I change my reservation from 2 nights for Paul Aguilar?,modify_booking
Is Room Type A available at Resort Hotel for James Mccann?,availability
Can I reserve a room for James Mccann for 7 nights?,book_room
How much is Room Type A at rate 52.0 per night?,room_price
Is HB meal package included for James Mccann's room?,breakfast
Do you provide 0 parking space for reservation under James Mccann?,parking
Is parking space available at Resort Hotel for guest 927-686-6838?,parking
Can I cancel my booking under James Mccann?,cancel_booking
Check reservation status for James Mccann with status Canceled,booking_status
Is booking status for James Mccann confirmed at Resort Hotel?,booking_status
What payment methods do you accept for Non Refund booking under James Mccann?,payment
"Does Resort Hotel feature a swimming pool, spa and gym for James Mccann?",hotel_facilities
Can guest James Mccann request early check-in or late check-out at Resort Hotel?,checkin_checkout
I want to modify booking dates for guest James Mccann at Resort Hotel,modify_booking
Can I change my reservation from 7 nights for James Mccann?,modify_booking
Is Room Type A available at City Hotel for Nicole Lee?,availability
Can I reserve a room for Nicole Lee for 3 nights?,book_room
Is BB meal package included for Nicole Lee's room?,breakfast
Do you provide 0 parking space for reservation under Nicole Lee?,parking
Is parking space available at City Hotel for guest 254-530-6451?,parking
Can I cancel my booking under Nicole Lee?,cancel_booking
Check reservation status for Nicole Lee with status Canceled,booking_status
Is booking status for Nicole Lee confirmed at City Hotel?,booking_status
What payment methods do you accept for No Deposit booking under Nicole Lee?,payment
"Does City Hotel feature a swimming pool, spa and gym for Nicole Lee?",hotel_facilities
What are the check-in times at City Hotel for arrival on 5 May?,checkin_checkout
Can guest Nicole Lee request early check-in or late check-out at City Hotel?,checkin_checkout
I want to modify booking dates for guest Nicole Lee at City Hotel,modify_booking
Can I change my reservation from 3 nights for Nicole Lee?,modify_booking
Is Room Type A available at Resort Hotel for Amy Davis?,availability
Can I reserve a room for Amy Davis for 3 nights?,book_room
Is Undefined meal package included for Amy Davis's room?,breakfast
Do you provide 0 parking space for reservation under Amy Davis?,parking
Is parking space available at Resort Hotel for guest 587-000-3478?,parking
Can I cancel my booking under Amy Davis?,cancel_booking
Check reservation status for Amy Davis with status Check-Out,booking_status
Is booking status for Amy Davis confirmed at Resort Hotel?,booking_status
What payment methods do you accept for No Deposit booking under Amy Davis?,payment
"Does Resort Hotel feature a swimming pool, spa and gym for Amy Davis?",hotel_facilities
What are the check-in times at Resort Hotel for arrival on 24 March?,checkin_checkout
Can guest Amy Davis request early check-in or late check-out at Resort Hotel?,checkin_checkout
I want to modify booking dates for guest Amy Davis at Resort Hotel,modify_booking
Can I change my reservation from 3 nights for Amy Davis?,modify_booking
Is Room Type D available at City Hotel for Benjamin Horn?,availability
Can I reserve a room for Benjamin Horn for 3 nights?,book_room
How much is Room Type D at rate 150.3 per night?,room_price
Is BB meal package included for Benjamin Horn's room?,breakfast
Do you provide 0 parking space for reservation under Benjamin Horn?,parking
Is parking space available at City Hotel for guest 874-160-9123?,parking
Can I cancel my booking under Benjamin Horn?,cancel_booking
Check reservation status for Benjamin Horn with status Check-Out,booking_status
Is booking status for Benjamin Horn confirmed at City Hotel?,booking_status
What payment methods do you accept for No Deposit booking under Benjamin Horn?,payment
"Does City Hotel feature a swimming pool, spa and gym for Benjamin Horn?",hotel_facilities
Can guest Benjamin Horn request early check-in or late check-out at City Hotel?,checkin_checkout
I want to modify booking dates for guest Benjamin Horn at City Hotel,modify_booking
Can I change my reservation from 3 nights for Benjamin Horn?,modify_booking
Is Room Type E available at Resort Hotel for Kayla Bender?,availability
Can I reserve a room for Kayla Bender for 4 nights?,book_room
How much is Room Type E at rate 230.0 per night?,room_price
Is BB meal package included for Kayla Bender's room?,breakfast
Do you provide 0 parking space for reservation under Kayla Bender?,parking
Is parking space available at Resort Hotel for guest 396-724-6657?,parking
Can I cancel my booking under Kayla Bender?,cancel_booking
Check reservation status for Kayla Bender with status Canceled,booking_status
Is booking status for Kayla Bender confirmed at Resort Hotel?,booking_status
What payment methods do you accept for No Deposit booking under Kayla Bender?,payment
"Does Resort Hotel feature a swimming pool, spa and gym for Kayla Bender?",hotel_facilities
What are the check-in times at Resort Hotel for arrival on 17 July?,checkin_checkout
Can guest Kayla Bender request early check-in or late check-out at Resort Hotel?,checkin_checkout
I want to modify booking dates for guest Kayla Bender at Resort Hotel,modify_booking
Can I change my reservation from 4 nights for Kayla Bender?,modify_booking
Is Room Type A available at City Hotel for Courtney Garner?,availability
Can I reserve a room for Courtney Garner for 3 nights?,book_room
Is BB meal package included for Courtney Garner's room?,breakfast
Do you provide 0 parking space for reservation under Courtney Garner?,parking
Is parking space available at City Hotel for guest 983-891-0668?,parking
Can I cancel my booking under Courtney Garner?,cancel_booking
Check reservation status for Courtney Garner with status Check-Out,booking_status
Is booking status for Courtney Garner confirmed at City Hotel?,booking_status
What payment methods do you accept for No Deposit booking under Courtney Garner?,payment
"Does City Hotel feature a swimming pool, spa and gym for Courtney Garner?",hotel_facilities
What are the check-in times at City Hotel for arrival on 20 November?,checkin_checkout
Can guest Courtney Garner request early check-in or late check-out at City Hotel?,checkin_checkout
I want to modify booking dates for guest Courtney Garner at City Hotel,modify_booking
Can I change my reservation from 3 nights for Courtney Garner?,modify_booking
Is Room Type A available at City Hotel for Antonio Edwards?,availability
Can I reserve a room for Antonio Edwards for 2 nights?,book_room
Is SC meal package included for Antonio Edwards's room?,breakfast
Do you provide 0 parking space for reservation under Antonio Edwards?,parking
Is parking space available at City Hotel for guest 809-990-2984?,parking
Can I cancel my booking under Antonio Edwards?,cancel_booking
Check reservation status for Antonio Edwards with status Check-Out,booking_status
Is booking status for Antonio Edwards confirmed at City Hotel?,booking_status
What payment methods do you accept for No Deposit booking under Antonio Edwards?,payment
"Does City Hotel feature a swimming pool, spa and gym for Antonio Edwards?",hotel_facilities
Can guest Antonio Edwards request early check-in or late check-out at City Hotel?,checkin_checkout
I want to modify booking dates for guest Antonio Edwards at City Hotel,modify_booking
Can I change my reservation from 2 nights for Antonio Edwards?,modify_booking
Is Room Type D available at City Hotel for William Chambers?,availability
Can I reserve a room for William Chambers for 2 nights?,book_room
How much is Room Type D at rate 98.88 per night?,room_price
Is BB meal package included for William Chambers's room?,breakfast
Do you provide 0 parking space for reservation under William Chambers?,parking
Is parking space available at City Hotel for guest 759-737-2044?,parking
Can I cancel my booking under William Chambers?,cancel_booking
Check reservation status for William Chambers with status Check-Out,booking_status
Is booking status for William Chambers confirmed at City Hotel?,booking_status
What payment methods do you accept for No Deposit booking under William Chambers?,payment
"Does City Hotel feature a swimming pool, spa and gym for William Chambers?",hotel_facilities
Can guest William Chambers request early check-in or late check-out at City Hotel?,checkin_checkout
I want to modify booking dates for guest William Chambers at City Hotel,modify_booking
Can I change my reservation from 2 nights for William Chambers?,modify_booking
Is Room Type D available at City Hotel for Kimberly David?,availability
Can I reserve a room for Kimberly David for 3 nights?,book_room
How much is Room Type D at rate 114.3 per night?,room_price
Is BB meal package included for Kimberly David's room?,breakfast
Do you provide 0 parking space for reservation under Kimberly David?,parking
Is parking space available at City Hotel for guest 342-497-9000?,parking
Can I cancel my booking under Kimberly David?,cancel_booking
Check reservation status for Kimberly David with status Check-Out,booking_status
Is booking status for Kimberly David confirmed at City Hotel?,booking_status
What payment methods do you accept for No Deposit booking under Kimberly David?,payment
"Does City Hotel feature a swimming pool, spa and gym for Kimberly David?",hotel_facilities
Can guest Kimberly David request early check-in or late check-out at City Hotel?,checkin_checkout
I want to modify booking dates for guest Kimberly David at City Hotel,modify_booking
Can I change my reservation from 3 nights for Kimberly David?,modify_booking
Is Room Type A available at City Hotel for Lisa Johnson?,availability
Can I reserve a room for Lisa Johnson for 4 nights?,book_room
How much is Room Type A at rate 169.2 per night?,room_price
Is HB meal package included for Lisa Johnson's room?,breakfast
Do you provide 0 parking space for reservation under Lisa Johnson?,parking
Is parking space available at City Hotel for guest 868-856-0283?,parking
Can I cancel my booking under Lisa Johnson?,cancel_booking
Check reservation status for Lisa Johnson with status Check-Out,booking_status
Is booking status for Lisa Johnson confirmed at City Hotel?,booking_status
What payment methods do you accept for No Deposit booking under Lisa Johnson?,payment
"Does City Hotel feature a swimming pool, spa and gym for Lisa Johnson?",hotel_facilities
What are the check-in times at City Hotel for arrival on 30 May?,checkin_checkout
Can guest Lisa Johnson request early check-in or late check-out at City Hotel?,checkin_checkout
I want to modify booking dates for guest Lisa Johnson at City Hotel,modify_booking
Can I change my reservation from 4 nights for Lisa Johnson?,modify_booking
Is Room Type A available at Resort Hotel for Steven Sanchez?,availability
Can I reserve a room for Steven Sanchez for 3 nights?,book_room
How much is Room Type A at rate 93.38 per night?,room_price
Is BB meal package included for Steven Sanchez's room?,breakfast
Do you provide 0 parking space for reservation under Steven Sanchez?,parking
Is parking space available at Resort Hotel for guest 503-525-3063?,parking
Can I cancel my booking under Steven Sanchez?,cancel_booking
Check reservation status for Steven Sanchez with status Canceled,booking_status
Is booking status for Steven Sanchez confirmed at Resort Hotel?,booking_status
What payment methods do you accept for No Deposit booking under Steven Sanchez?,payment
"Does Resort Hotel feature a swimming pool, spa and gym for Steven Sanchez?",hotel_facilities
What are the check-in times at Resort Hotel for arrival on 4 July?,checkin_checkout
Can guest Steven Sanchez request early check-in or late check-out at Resort Hotel?,checkin_checkout
I want to modify booking dates for guest Steven Sanchez at Resort Hotel,modify_booking
Can I change my reservation from 3 nights for Steven Sanchez?,modify_booking
Is Room Type A available at City Hotel for Andrew Welch?,availability
Can I reserve a room for Andrew Welch for 2 nights?,book_room
Is BB meal package included for Andrew Welch's room?,breakfast
Do you provide 0 parking space for reservation under Andrew Welch?,parking
Is parking space available at City Hotel for guest 167-881-7746?,parking
Can I cancel my booking under Andrew Welch?,cancel_booking
Check reservation status for Andrew Welch with status Canceled,booking_status
Is booking status for Andrew Welch confirmed at City Hotel?,booking_status
What payment methods do you accept for Non Refund booking under Andrew Welch?,payment
"Does City Hotel feature a swimming pool, spa and gym for Andrew Welch?",hotel_facilities
What are the check-in times at City Hotel for arrival on 20 May?,checkin_checkout
Can guest Andrew Welch request early check-in or late check-out at City Hotel?,checkin_checkout
I want to modify booking dates for guest Andrew Welch at City Hotel,modify_booking
Can I change my reservation from 2 nights for Andrew Welch?,modify_booking
Is Room Type D available at Resort Hotel for Linda Soto?,availability
Can I reserve a room for Linda Soto for 7 nights?,book_room
How much is Room Type D at rate 68.0 per night?,room_price
Is BB meal package included for Linda Soto's room?,breakfast
Do you provide 0 parking space for reservation under Linda Soto?,parking
Is parking space available at Resort Hotel for guest 903-892-8511?,parking
Can I cancel my booking under Linda Soto?,cancel_booking
Check reservation status for Linda Soto with status Canceled,booking_status
Is booking status for Linda Soto confirmed at Resort Hotel?,booking_status
What payment methods do you accept for No Deposit booking under Linda Soto?,payment
"Does Resort Hotel feature a swimming pool, spa and gym for Linda Soto?",hotel_facilities
What are the check-in times at Resort Hotel for arrival on 15 October?,checkin_checkout
Can guest Linda Soto request early check-in or late check-out at Resort Hotel?,checkin_checkout
I want to modify booking dates for guest Linda Soto at Resort Hotel,modify_booking
Can I change my reservation from 7 nights for Linda Soto?,modify_booking
Is Room Type A available at City Hotel for Derek Weber?,availability
Do you have room availability for 3 adults in June 2016?,availability
Can I reserve a room for Derek Weber for 1 nights?,book_room
How much is Room Type A at rate 111.6 per night?,room_price
Is BB meal package included for Derek Weber's room?,breakfast
Do you provide 0 parking space for reservation under Derek Weber?,parking
Is parking space available at City Hotel for guest 713-706-5015?,parking
Can I cancel my booking under Derek Weber?,cancel_booking
Check reservation status for Derek Weber with status Check-Out,booking_status
Is booking status for Derek Weber confirmed at City Hotel?,booking_status
What payment methods do you accept for No Deposit booking under Derek Weber?,payment
"Does City Hotel feature a swimming pool, spa and gym for Derek Weber?",hotel_facilities
What are the check-in times at City Hotel for arrival on 29 June?,checkin_checkout
Can guest Derek Weber request early check-in or late check-out at City Hotel?,checkin_checkout
I want to modify booking dates for guest Derek Weber at City Hotel,modify_booking
Can I change my reservation from 1 nights for Derek Weber?,modify_booking
Is Room Type A available at City Hotel for Jessica Garcia?,availability
Can I reserve a room for Jessica Garcia for 1 nights?,book_room
Is BB meal package included for Jessica Garcia's room?,breakfast
Do you provide 0 parking space for reservation under Jessica Garcia?,parking
Is parking space available at City Hotel for guest 966-247-8316?,parking
Can I cancel my booking under Jessica Garcia?,cancel_booking
Check reservation status for Jessica Garcia with status Canceled,booking_status
Is booking status for Jessica Garcia confirmed at City Hotel?,booking_status
What payment methods do you accept for Non Refund booking under Jessica Garcia?,payment
"Does City Hotel feature a swimming pool, spa and gym for Jessica Garcia?",hotel_facilities
Can guest Jessica Garcia request early check-in or late check-out at City Hotel?,checkin_checkout
I want to modify booking dates for guest Jessica Garcia at City Hotel,modify_booking
Can I change my reservation from 1 nights for Jessica Garcia?,modify_booking
Is Room Type D available at City Hotel for Steven Young?,availability
Can I reserve a room for Steven Young for 3 nights?,book_room
How much is Room Type D at rate 118.0 per night?,room_price
Is BB meal package included for Steven Young's room?,breakfast
Do you provide 0 parking space for reservation under Steven Young?,parking
Is parking space available at City Hotel for guest 253-167-7539?,parking
Can I cancel my booking under Steven Young?,cancel_booking
Check reservation status for Steven Young with status Canceled,booking_status
Is booking status for Steven Young confirmed at City Hotel?,booking_status
What payment methods do you accept for No Deposit booking under Steven Young?,payment
"Does City Hotel feature a swimming pool, spa and gym for Steven Young?",hotel_facilities
What are the check-in times at City Hotel for arrival on 23 February?,checkin_checkout
Can guest Steven Young request early check-in or late check-out at City Hotel?,checkin_checkout
I want to modify booking dates for guest Steven Young at City Hotel,modify_booking
Can I change my reservation from 3 nights for Steven Young?,modify_booking
Is Room Type A available at City Hotel for Nicole Goodwin?,availability
Can I reserve a room for Nicole Goodwin for 3 nights?,book_room
Is HB meal package included for Nicole Goodwin's room?,breakfast
Do you provide 0 parking space for reservation under Nicole Goodwin?,parking
Is parking space available at City Hotel for guest 346-975-1892?,parking
Can I cancel my booking under Nicole Goodwin?,cancel_booking
Check reservation status for Nicole Goodwin with status Canceled,booking_status
Is booking status for Nicole Goodwin confirmed at City Hotel?,booking_status
What payment methods do you accept for No Deposit booking under Nicole Goodwin?,payment
"Does City Hotel feature a swimming pool, spa and gym for Nicole Goodwin?",hotel_facilities
Can guest Nicole Goodwin request early check-in or late check-out at City Hotel?,checkin_checkout
I want to modify booking dates for guest Nicole Goodwin at City Hotel,modify_booking
Can I change my reservation from 3 nights for Nicole Goodwin?,modify_booking
Is Room Type A available at City Hotel for Aimee Ryan?,availability
Can I reserve a room for Aimee Ryan for 3 nights?,book_room
Is BB meal package included for Aimee Ryan's room?,breakfast
Do you provide 0 parking space for reservation under Aimee Ryan?,parking
Is parking space available at City Hotel for guest 891-177-0828?,parking
Can I cancel my booking under Aimee Ryan?,cancel_booking
Check reservation status for Aimee Ryan with status Canceled,booking_status
Is booking status for Aimee Ryan confirmed at City Hotel?,booking_status
What payment methods do you accept for Non Refund booking under Aimee Ryan?,payment
"Does City Hotel feature a swimming pool, spa and gym for Aimee Ryan?",hotel_facilities
Can guest Aimee Ryan request early check-in or late check-out at City Hotel?,checkin_checkout
I want to modify booking dates for guest Aimee Ryan at City Hotel,modify_booking
Can I change my reservation from 3 nights for Aimee Ryan?,modify_booking
Is Room Type A available at Resort Hotel for James Chen?,availability
Can I reserve a room for James Chen for 2 nights?,book_room
How much is Room Type A at rate 50.0 per night?,room_price
Is HB meal package included for James Chen's room?,breakfast
Do you provide 0 parking space for reservation under James Chen?,parking
Is parking space available at Resort Hotel for guest 120-149-8803?,parking
Can I cancel my booking under James Chen?,cancel_booking
Check reservation status for James Chen with status Canceled,booking_status
Is booking status for James Chen confirmed at Resort Hotel?,booking_status
What payment methods do you accept for Non Refund booking under James Chen?,payment
"Does Resort Hotel feature a swimming pool, spa and gym for James Chen?",hotel_facilities
Can guest James Chen request early check-in or late check-out at Resort Hotel?,checkin_checkout
I want to modify booking dates for guest James Chen at Resort Hotel,modify_booking
Can I change my reservation from 2 nights for James Chen?,modify_booking
Is Room Type A available at City Hotel for Lisa Jordan?,availability
Can I reserve a room for Lisa Jordan for 2 nights?,book_room
Is BB meal package included for Lisa Jordan's room?,breakfast
Do you provide 0 parking space for reservation under Lisa Jordan?,parking
Is parking space available at City Hotel for guest 433-248-0606?,parking
Can I cancel my booking under Lisa Jordan?,cancel_booking
Check reservation status for Lisa Jordan with status Check-Out,booking_status
Is booking status for Lisa Jordan confirmed at City Hotel?,booking_status
What payment methods do you accept for No Deposit booking under Lisa Jordan?,payment
"Does City Hotel feature a swimming pool, spa and gym for Lisa Jordan?",hotel_facilities
What are the check-in times at City Hotel for arrival on 11 July?,checkin_checkout
Can guest Lisa Jordan request early check-in or late check-out at City Hotel?,checkin_checkout
I want to modify booking dates for guest Lisa Jordan at City Hotel,modify_booking
Can I change my reservation from 2 nights for Lisa Jordan?,modify_booking
Is Room Type A available at Resort Hotel for Brandon Weeks?,availability
Can I reserve a room for Brandon Weeks for 7 nights?,book_room
Is BB meal package included for Brandon Weeks's room?,breakfast
Do you provide 0 parking space for reservation under Brandon Weeks?,parking
Is parking space available at Resort Hotel for guest 705-221-2622?,parking
Can I cancel my booking under Brandon Weeks?,cancel_booking
Check reservation status for Brandon Weeks with status Check-Out,booking_status
Is booking status for Brandon Weeks confirmed at Resort Hotel?,booking_status
What payment methods do you accept for No Deposit booking under Brandon Weeks?,payment
"Does Resort Hotel feature a swimming pool, spa and gym for Brandon Weeks?",hotel_facilities
What are the check-in times at Resort Hotel for arrival on 11 June?,checkin_checkout
Can guest Brandon Weeks request early check-in or late check-out at Resort Hotel?,checkin_checkout
I want to modify booking dates for guest Brandon Weeks at Resort Hotel,modify_booking
Can I change my reservation from 7 nights for Brandon Weeks?,modify_booking
Is Room Type D available at City Hotel for Mrs. Stephanie Foster DVM?,availability
Can I reserve a room for Mrs. Stephanie Foster DVM for 1 nights?,book_room
How much is Room Type D at rate 100.5 per night?,room_price
Is BB meal package included for Mrs. Stephanie Foster DVM's room?,breakfast
Do you provide 0 parking space for reservation under Mrs. Stephanie Foster DVM?,parking
Is parking space available at City Hotel for guest 806-821-7140?,parking
Can I cancel my booking under Mrs. Stephanie Foster DVM?,cancel_booking
Check reservation status for Mrs. Stephanie Foster DVM with status Check-Out,booking_status
Is booking status for Mrs. Stephanie Foster DVM confirmed at City Hotel?,booking_status
What payment methods do you accept for No Deposit booking under Mrs. Stephanie Foster DVM?,payment
"Does City Hotel feature a swimming pool, spa and gym for Mrs. Stephanie Foster DVM?",hotel_facilities
Can guest Mrs. Stephanie Foster DVM request early check-in or late check-out at City Hotel?,checkin_checkout
I want to modify booking dates for guest Mrs. Stephanie Foster DVM at City Hotel,modify_booking
Can I change my reservation from 1 nights for Mrs. Stephanie Foster DVM?,modify_booking
Is Room Type A available at City Hotel for Leslie Cox?,availability
Can I reserve a room for Leslie Cox for 2 nights?,book_room
Is BB meal package included for Leslie Cox's room?,breakfast
Do you provide 0 parking space for reservation under Leslie Cox?,parking
Is parking space available at City Hotel for guest 265-584-6539?,parking
Can I cancel my booking under Leslie Cox?,cancel_booking
Check reservation status for Leslie Cox with status Check-Out,booking_status
Is booking status for Leslie Cox confirmed at City Hotel?,booking_status
What payment methods do you accept for No Deposit booking under Leslie Cox?,payment
"Does City Hotel feature a swimming pool, spa and gym for Leslie Cox?",hotel_facilities
Can guest Leslie Cox request early check-in or late check-out at City Hotel?,checkin_checkout
I want to modify booking dates for guest Leslie Cox at City Hotel,modify_booking
Can I change my reservation from 2 nights for Leslie Cox?,modify_booking
Is Room Type D available at City Hotel for Jessica Bradley?,availability
Can I reserve a room for Jessica Bradley for 7 nights?,book_room
How much is Room Type D at rate 101.0 per night?,room_price
Is BB meal package included for Jessica Bradley's room?,breakfast
Do you provide 0 parking space for reservation under Jessica Bradley?,parking
Is parking space available at City Hotel for guest 322-818-3852?,parking
Can I cancel my booking under Jessica Bradley?,cancel_booking
Check reservation status for Jessica Bradley with status No-Show,booking_status
Is booking status for Jessica Bradley confirmed at City Hotel?,booking_status
What payment methods do you accept for No Deposit booking under Jessica Bradley?,payment
"Does City Hotel feature a swimming pool, spa and gym for Jessica Bradley?",hotel_facilities
What are the check-in times at City Hotel for arrival on 27 February?,checkin_checkout
Can guest Jessica Bradley request early check-in or late check-out at City Hotel?,checkin_checkout
I want to modify booking dates for guest Jessica Bradley at City Hotel,modify_booking
Can I change my reservation from 7 nights for Jessica Bradley?,modify_booking
Is Room Type A available at City Hotel for Miss Jamie Rodriguez?,availability
Can I reserve a room for Miss Jamie Rodriguez for 2 nights?,book_room
Is BB meal package included for Miss Jamie Rodriguez's room?,breakfast
Do you provide 0 parking space for reservation under Miss Jamie Rodriguez?,parking
Is parking space available at City Hotel for guest 275-001-2784?,parking
Can I cancel my booking under Miss Jamie Rodriguez?,cancel_booking
Check reservation status for Miss Jamie Rodriguez with status Canceled,booking_status
Is booking status for Miss Jamie Rodriguez confirmed at City Hotel?,booking_status
What payment methods do you accept for Non Refund booking under Miss Jamie Rodriguez?,payment
"Does City Hotel feature a swimming pool, spa and gym for Miss Jamie Rodriguez?",hotel_facilities
Can guest Miss Jamie Rodriguez request early check-in or late check-out at City Hotel?,checkin_checkout
I want to modify booking dates for guest Miss Jamie Rodriguez at City Hotel,modify_booking
Can I change my reservation from 2 nights for Miss Jamie Rodriguez?,modify_booking
Is Room Type A available at City Hotel for Wanda Hall?,availability
Do you have room availability for 1 adults in August 2017?,availability
Can I reserve a room for Wanda Hall for 1 nights?,book_room
How much is Room Type A at rate 80.1 per night?,room_price
Is SC meal package included for Wanda Hall's room?,breakfast
Do you provide 0 parking space for reservation under Wanda Hall?,parking
Is parking space available at City Hotel for guest 376-822-2827?,parking
Can I cancel my booking under Wanda Hall?,cancel_booking
Check reservation status for Wanda Hall with status Check-Out,booking_status
Is booking status for Wanda Hall confirmed at City Hotel?,booking_status
What payment methods do you accept for No Deposit booking under Wanda Hall?,payment
"Does City Hotel feature a swimming pool, spa and gym for Wanda Hall?",hotel_facilities
What are the check-in times at City Hotel for arrival on 27 August?,checkin_checkout
Can guest Wanda Hall request early check-in or late check-out at City Hotel?,checkin_checkout
I want to modify booking dates for guest Wanda Hall at City Hotel,modify_booking
Can I change my reservation from 1 nights for Wanda Hall?,modify_booking
Is Room Type A available at City Hotel for Jennifer Santos?,availability
Can I reserve a room for Jennifer Santos for 1 nights?,book_room
How much is Room Type A at rate 204.3 per night?,room_price
Is HB meal package included for Jennifer Santos's room?,breakfast
Do you provide 0 parking space for reservation under Jennifer Santos?,parking
Is parking space available at City Hotel for guest 244-945-4661?,parking
Can I cancel my booking under Jennifer Santos?,cancel_booking
Check reservation status for Jennifer Santos with status Canceled,booking_status
Is booking status for Jennifer Santos confirmed at City Hotel?,booking_status
What payment methods do you accept for No Deposit booking under Jennifer Santos?,payment
"Does City Hotel feature a swimming pool, spa and gym for Jennifer Santos?",hotel_facilities
Can guest Jennifer Santos request early check-in or late check-out at City Hotel?,checkin_checkout
I want to modify booking dates for guest Jennifer Santos at City Hotel,modify_booking
Can I change my reservation from 1 nights for Jennifer Santos?,modify_booking
Is Room Type A available at Resort Hotel for Mary Gamble?,availability
Can I reserve a room for Mary Gamble for 1 nights?,book_room
How much is Room Type A at rate 138.0 per night?,room_price
Is BB meal package included for Mary Gamble's room?,breakfast
Do you provide 1 parking space for reservation under Mary Gamble?,parking
Is parking space available at Resort Hotel for guest 686-276-0036?,parking
Can I cancel my booking under Mary Gamble?,cancel_booking
Check reservation status for Mary Gamble with status Check-Out,booking_status
Is booking status for Mary Gamble confirmed at Resort Hotel?,booking_status
What payment methods do you accept for No Deposit booking under Mary Gamble?,payment
"Does Resort Hotel feature a swimming pool, spa and gym for Mary Gamble?",hotel_facilities
What are the check-in times at Resort Hotel for arrival on 23 August?,checkin_checkout
Can guest Mary Gamble request early check-in or late check-out at Resort Hotel?,checkin_checkout
I want to modify booking dates for guest Mary Gamble at Resort Hotel,modify_booking
Can I change my reservation from 1 nights for Mary Gamble?,modify_booking
Is Room Type D available at City Hotel for Jenny Clarke?,availability
Can I reserve a room for Jenny Clarke for 3 nights?,book_room
How much is Room Type D at rate 117.6 per night?,room_price
Is BB meal package included for Jenny Clarke's room?,breakfast
Do you provide 0 parking space for reservation under Jenny Clarke?,parking
Is parking space available at City Hotel for guest 823-635-5690?,parking
Can I cancel my booking under Jenny Clarke?,cancel_booking
Check reservation status for Jenny Clarke with status Check-Out,booking_status
Is booking status for Jenny Clarke confirmed at City Hotel?,booking_status
What payment methods do you accept for No Deposit booking under Jenny Clarke?,payment
"Does City Hotel feature a swimming pool, spa and gym for Jenny Clarke?",hotel_facilities
Can guest Jenny Clarke request early check-in or late check-out at City Hotel?,checkin_checkout
I want to modify booking dates for guest Jenny Clarke at City Hotel,modify_booking
Can I change my reservation from 3 nights for Jenny Clarke?,modify_booking
Is Room Type A available at City Hotel for Randall Adams?,availability
Can I reserve a room for Randall Adams for 2 nights?,book_room
Is HB meal package included for Randall Adams's room?,breakfast
Do you provide 0 parking space for reservation under Randall Adams?,parking
Is parking space available at City Hotel for guest 413-137-8234?,parking
Can I cancel my booking under Randall Adams?,cancel_booking
Check reservation status for Randall Adams with status Check-Out,booking_status
Is booking status for Randall Adams confirmed at City Hotel?,booking_status
What payment methods do you accept for No Deposit booking under Randall Adams?,payment
"Does City Hotel feature a swimming pool, spa and gym for Randall Adams?",hotel_facilities
Can guest Randall Adams request early check-in or late check-out at City Hotel?,checkin_checkout
I want to modify booking dates for guest Randall Adams at City Hotel,modify_booking
Can I change my reservation from 2 nights for Randall Adams?,modify_booking
Is Room Type D available at Resort Hotel for Kimberly Carrillo?,availability
I want to book Room Type D for 3 guests at Resort Hotel,book_room
Can I reserve a room for Kimberly Carrillo for 7 nights?,book_room
How much is Room Type D at rate 274.45 per night?,room_price
Is Undefined meal package included for Kimberly Carrillo's room?,breakfast
Do you provide 0 parking space for reservation under Kimberly Carrillo?,parking
Is parking space available at Resort Hotel for guest 441-394-2687?,parking
Can I cancel my booking under Kimberly Carrillo?,cancel_booking
Check reservation status for Kimberly Carrillo with status Canceled,booking_status
Is booking status for Kimberly Carrillo confirmed at Resort Hotel?,booking_status
What payment methods do you accept for No Deposit booking under Kimberly Carrillo?,payment
"Does Resort Hotel feature a swimming pool, spa and gym for Kimberly Carrillo?",hotel_facilities
Can guest Kimberly Carrillo request early check-in or late check-out at Resort Hotel?,checkin_checkout
I want to modify booking dates for guest Kimberly Carrillo at Resort Hotel,modify_booking
Can I change my reservation from 7 nights for Kimberly Carrillo?,modify_booking
Is Room Type D available at Resort Hotel for Douglas Jimenez?,availability
Can I reserve a room for Douglas Jimenez for 2 nights?,book_room
How much is Room Type D at rate 37.0 per night?,room_price
Is BB meal package included for Douglas Jimenez's room?,breakfast
Do you provide 0 parking space for reservation under Douglas Jimenez?,parking
Is parking space available at Resort Hotel for guest 340-046-4503?,parking
Can I cancel my booking under Douglas Jimenez?,cancel_booking
Check reservation status for Douglas Jimenez with status Check-Out,booking_status
Is booking status for Douglas Jimenez confirmed at Resort Hotel?,booking_status
What payment methods do you accept for No Deposit booking under Douglas Jimenez?,payment
"Does Resort Hotel feature a swimming pool, spa and gym for Douglas Jimenez?",hotel_facilities
What are the check-in times at Resort Hotel for arrival on 6 December?,checkin_checkout
Can guest Douglas Jimenez request early check-in or late check-out at Resort Hotel?,checkin_checkout
I want to modify booking dates for guest Douglas Jimenez at Resort Hotel,modify_booking
Can I change my reservation from 2 nights for Douglas Jimenez?,modify_booking
Is Room Type D available at City Hotel for April Allen?,availability
Can I reserve a room for April Allen for 7 nights?,book_room
How much is Room Type D at rate 100.3 per night?,room_price
Is BB meal package included for April Allen's room?,breakfast
Do you provide 0 parking space for reservation under April Allen?,parking
Is parking space available at City Hotel for guest 617-551-3217?,parking
Can I cancel my booking under April Allen?,cancel_booking
Check reservation status for April Allen with status Canceled,booking_status
Is booking status for April Allen confirmed at City Hotel?,booking_status
What payment methods do you accept for No Deposit booking under April Allen?,payment
"Does City Hotel feature a swimming pool, spa and gym for April Allen?",hotel_facilities
What are the check-in times at City Hotel for arrival on 6 March?,checkin_checkout
Can guest April Allen request early check-in or late check-out at City Hotel?,checkin_checkout
I want to modify booking dates for guest April Allen at City Hotel,modify_booking
Can I change my reservation from 7 nights for April Allen?,modify_booking
Is Room Type E available at Resort Hotel for Mrs. Lori Holmes DVM?,availability
Can I reserve a room for Mrs. Lori Holmes DVM for 7 nights?,book_room
How much is Room Type E at rate 84.95 per night?,room_price
Is HB meal package included for Mrs. Lori Holmes DVM's room?,breakfast
Do you provide 1 parking space for reservation under Mrs. Lori Holmes DVM?,parking
Is parking space available at Resort Hotel for guest 968-296-7246?,parking
Can I cancel my booking under Mrs. Lori Holmes DVM?,cancel_booking
Check reservation status for Mrs. Lori Holmes DVM with status Check-Out,booking_status
Is booking status for Mrs. Lori Holmes DVM confirmed at Resort Hotel?,booking_status
What payment methods do you accept for No Deposit booking under Mrs. Lori Holmes DVM?,payment
"Does Resort Hotel feature a swimming pool, spa and gym for Mrs. Lori Holmes DVM?",hotel_facilities
What are the check-in times at Resort Hotel for arrival on 21 October?,checkin_checkout
Can guest Mrs. Lori Holmes DVM request early check-in or late check-out at Resort Hotel?,checkin_checkout
I want to modify booking dates for guest Mrs. Lori Holmes DVM at Resort Hotel,modify_booking
Can I change my reservation from 7 nights for Mrs. Lori Holmes DVM?,modify_booking
Is Room Type A available at City Hotel for Debra Sanford?,availability
Can I reserve a room for Debra Sanford for 2 nights?,book_room
Is BB meal package included for Debra Sanford's room?,breakfast
Do you provide 0 parking space for reservation under Debra Sanford?,parking
Is parking space available at City Hotel for guest 427-545-3581?,parking
Can I cancel my booking under Debra Sanford?,cancel_booking
Check reservation status for Debra Sanford with status Canceled,booking_status
Is booking status for Debra Sanford confirmed at City Hotel?,booking_status
What payment methods do you accept for No Deposit booking under Debra Sanford?,payment
"Does City Hotel feature a swimming pool, spa and gym for Debra Sanford?",hotel_facilities
What are the check-in times at City Hotel for arrival on 23 July?,checkin_checkout
Can guest Debra Sanford request early check-in or late check-out at City Hotel?,checkin_checkout
I want to modify booking dates for guest Debra Sanford at City Hotel,modify_booking
Can I change my reservation from 2 nights for Debra Sanford?,modify_booking
Is Room Type A available at City Hotel for Peggy Murphy?,availability
Can I reserve a room for Peggy Murphy for 11 nights?,book_room
How much is Room Type A at rate 95.81 per night?,room_price
Is BB meal package included for Peggy Murphy's room?,breakfast
Do you provide 0 parking space for reservation under Peggy Murphy?,parking
Is parking space available at City Hotel for guest 233-692-9381?,parking
Can I cancel my booking under Peggy Murphy?,cancel_booking
Check reservation status for Peggy Murphy with status Canceled,booking_status
Is booking status for Peggy Murphy confirmed at City Hotel?,booking_status
What payment methods do you accept for No Deposit booking under Peggy Murphy?,payment
"Does City Hotel feature a swimming pool, spa and gym for Peggy Murphy?",hotel_facilities
Can guest Peggy Murphy request early check-in or late check-out at City Hotel?,checkin_checkout
I want to modify booking dates for guest Peggy Murphy at City Hotel,modify_booking
Can I change my reservation from 11 nights for Peggy Murphy?,modify_booking
Is Room Type A available at Resort Hotel for Christy Garcia?,availability
Can I reserve a room for Christy Garcia for 5 nights?,book_room
How much is Room Type A at rate 151.23 per night?,room_price
Is HB meal package included for Christy Garcia's room?,breakfast
Do you provide 0 parking space for reservation under Christy Garcia?,parking
Is parking space available at Resort Hotel for guest 487-445-1767?,parking
Can I cancel my booking under Christy Garcia?,cancel_booking
Check reservation status for Christy Garcia with status Check-Out,booking_status
Is booking status for Christy Garcia confirmed at Resort Hotel?,booking_status
What payment methods do you accept for No Deposit booking under Christy Garcia?,payment
"Does Resort Hotel feature a swimming pool, spa and gym for Christy Garcia?",hotel_facilities
What are the check-in times at Resort Hotel for arrival on 18 August?,checkin_checkout
Can guest Christy Garcia request early check-in or late check-out at Resort Hotel?,checkin_checkout
I want to modify booking dates for guest Christy Garcia at Resort Hotel,modify_booking
Can I change my reservation from 5 nights for Christy Garcia?,modify_booking
Is Room Type B available at City Hotel for Matthew Holland?,availability
Can I reserve a room for Matthew Holland for 4 nights?,book_room
How much is Room Type B at rate 91.1 per night?,room_price
Is BB meal package included for Matthew Holland's room?,breakfast
Do you provide 0 parking space for reservation under Matthew Holland?,parking
Is parking space available at City Hotel for guest 244-180-1458?,parking
Can I cancel my booking under Matthew Holland?,cancel_booking
Check reservation status for Matthew Holland with status Check-Out,booking_status
Is booking status for Matthew Holland confirmed at City Hotel?,booking_status
What payment methods do you accept for No Deposit booking under Matthew Holland?,payment
"Does City Hotel feature a swimming pool, spa and gym for Matthew Holland?",hotel_facilities
Can guest Matthew Holland request early check-in or late check-out at City Hotel?,checkin_checkout
I want to modify booking dates for guest Matthew Holland at City Hotel,modify_booking
Can I change my reservation from 4 nights for Matthew Holland?,modify_booking
Is Room Type D available at City Hotel for Derrick Parker?,availability
Can I reserve a room for Derrick Parker for 3 nights?,book_room
How much is Room Type D at rate 105.6 per night?,room_price
Is BB meal package included for Derrick Parker's room?,breakfast
Do you provide 0 parking space for reservation under Derrick Parker?,parking
Is parking space available at City Hotel for guest 504-926-2566?,parking
Can I cancel my booking under Derrick Parker?,cancel_booking
Check reservation status for Derrick Parker with status Check-Out,booking_status
Is booking status for Derrick Parker confirmed at City Hotel?,booking_status
What payment methods do you accept for No Deposit booking under Derrick Parker?,payment
"Does City Hotel feature a swimming pool, spa and gym for Derrick Parker?",hotel_facilities
Can guest Derrick Parker request early check-in or late check-out at City Hotel?,checkin_checkout
I want to modify booking dates for guest Derrick Parker at City Hotel,modify_booking
Can I change my reservation from 3 nights for Derrick Parker?,modify_booking
Is Room Type A available at City Hotel for Pamela Cohen?,availability
Can I reserve a room for Pamela Cohen for 2 nights?,book_room
Is BB meal package included for Pamela Cohen's room?,breakfast
Do you provide 0 parking space for reservation under Pamela Cohen?,parking
Is parking space available at City Hotel for guest 320-167-3234?,parking
Can I cancel my booking under Pamela Cohen?,cancel_booking
Check reservation status for Pamela Cohen with status Canceled,booking_status
Is booking status for Pamela Cohen confirmed at City Hotel?,booking_status
What payment methods do you accept for Non Refund booking under Pamela Cohen?,payment
"Does City Hotel feature a swimming pool, spa and gym for Pamela Cohen?",hotel_facilities
Can guest Pamela Cohen request early check-in or late check-out at City Hotel?,checkin_checkout
I want to modify booking dates for guest Pamela Cohen at City Hotel,modify_booking
Can I change my reservation from 2 nights for Pamela Cohen?,modify_booking
Is Room Type A available at City Hotel for Gary Davidson?,availability
Can I reserve a room for Gary Davidson for 3 nights?,book_room
How much is Room Type A at rate 72.8 per night?,room_price
Is BB meal package included for Gary Davidson's room?,breakfast
Do you provide 0 parking space for reservation under Gary Davidson?,parking
Is parking space available at City Hotel for guest 651-114-9564?,parking
Can I cancel my booking under Gary Davidson?,cancel_booking
Check reservation status for Gary Davidson with status Canceled,booking_status
Is booking status for Gary Davidson confirmed at City Hotel?,booking_status
What payment methods do you accept for No Deposit booking under Gary Davidson?,payment
"Does City Hotel feature a swimming pool, spa and gym for Gary Davidson?",hotel_facilities
What are the check-in times at City Hotel for arrival on 12 February?,checkin_checkout
Can guest Gary Davidson request early check-in or late check-out at City Hotel?,checkin_checkout
I want to modify booking dates for guest Gary Davidson at City Hotel,modify_booking
Can I change my reservation from 3 nights for Gary Davidson?,modify_booking
Is Room Type A available at Resort Hotel for Gregory Williams?,availability
Can I reserve a room for Gregory Williams for 1 nights?,book_room
Is BB meal package included for Gregory Williams's room?,breakfast
Do you provide 0 parking space for reservation under Gregory Williams?,parking
Is parking space available at Resort Hotel for guest 763-893-0785?,parking
Can I cancel my booking under Gregory Williams?,cancel_booking
Check reservation status for Gregory Williams with status Check-Out,booking_status
Is booking status for Gregory Williams confirmed at Resort Hotel?,booking_status
What payment methods do you accept for No Deposit booking under Gregory Williams?,payment
"Does Resort Hotel feature a swimming pool, spa and gym for Gregory Williams?",hotel_facilities
What are the check-in times at Resort Hotel for arrival on 28 August?,checkin_checkout
Can guest Gregory Williams request early check-in or late check-out at Resort Hotel?,checkin_checkout
I want to modify booking dates for guest Gregory Williams at Resort Hotel,modify_booking
Can I change my reservation from 1 nights for Gregory Williams?,modify_booking
Is Room Type A available at City Hotel for Edward Gregory?,availability
Can I reserve a room for Edward Gregory for 3 nights?,book_room
How much is Room Type A at rate 156.67 per night?,room_price
Is SC meal package included for Edward Gregory's room?,breakfast
Do you provide 0 parking space for reservation under Edward Gregory?,parking
Is parking space available at City Hotel for guest 204-990-0652?,parking
Can I cancel my booking under Edward Gregory?,cancel_booking
Check reservation status for Edward Gregory with status Check-Out,booking_status
Is booking status for Edward Gregory confirmed at City Hotel?,booking_status
What payment methods do you accept for No Deposit booking under Edward Gregory?,payment
"Does City Hotel feature a swimming pool, spa and gym for Edward Gregory?",hotel_facilities
Can guest Edward Gregory request early check-in or late check-out at City Hotel?,checkin_checkout
I want to modify booking dates for guest Edward Gregory at City Hotel,modify_booking
Can I change my reservation from 3 nights for Edward Gregory?,modify_booking
Is Room Type D available at City Hotel for Ryan Velasquez?,availability
Do you have room availability for 3 adults in May 2017?,availability
Can I reserve a room for Ryan Velasquez for 2 nights?,book_room
How much is Room Type D at rate 189.0 per night?,room_price
Is BB meal package included for Ryan Velasquez's room?,breakfast
Do you provide 0 parking space for reservation under Ryan Velasquez?,parking
Is parking space available at City Hotel for guest 955-647-5669?,parking
Can I cancel my booking under Ryan Velasquez?,cancel_booking
Check reservation status for Ryan Velasquez with status Canceled,booking_status
Is booking status for Ryan Velasquez confirmed at City Hotel?,booking_status
What payment methods do you accept for No Deposit booking under Ryan Velasquez?,payment
"Does City Hotel feature a swimming pool, spa and gym for Ryan Velasquez?",hotel_facilities
Can guest Ryan Velasquez request early check-in or late check-out at City Hotel?,checkin_checkout
I want to modify booking dates for guest Ryan Velasquez at City Hotel,modify_booking
Can I change my reservation from 2 nights for Ryan Velasquez?,modify_booking
Is Room Type A available at City Hotel for Steven Garcia?,availability
Can I reserve a room for Steven Garcia for 3 nights?,book_room
Is BB meal package included for Steven Garcia's room?,breakfast
Do you provide 0 parking space for reservation under Steven Garcia?,parking
Is parking space available at City Hotel for guest 671-438-3565?,parking
Can I cancel my booking under Steven Garcia?,cancel_booking
Check reservation status for Steven Garcia with status Canceled,booking_status
Is booking status for Steven Garcia confirmed at City Hotel?,booking_status
What payment methods do you accept for Non Refund booking under Steven Garcia?,payment
"Does City Hotel feature a swimming pool, spa and gym for Steven Garcia?",hotel_facilities
Can guest Steven Garcia request early check-in or late check-out at City Hotel?,checkin_checkout
I want to modify booking dates for guest Steven Garcia at City Hotel,modify_booking
Can I change my reservation from 3 nights for Steven Garcia?,modify_booking
Is Room Type D available at City Hotel for Charles Webster?,availability
Can I reserve a room for Charles Webster for 3 nights?,book_room
How much is Room Type D at rate 174.67 per night?,room_price
Is BB meal package included for Charles Webster's room?,breakfast
Do you provide 0 parking space for reservation under Charles Webster?,parking
Is parking space available at City Hotel for guest 322-136-4983?,parking
Can I cancel my booking under Charles Webster?,cancel_booking
Check reservation status for Charles Webster with status Check-Out,booking_status
Is booking status for Charles Webster confirmed at City Hotel?,booking_status
What payment methods do you accept for No Deposit booking under Charles Webster?,payment
"Does City Hotel feature a swimming pool, spa and gym for Charles Webster?",hotel_facilities
What are the check-in times at City Hotel for arrival on 13 September?,checkin_checkout
Can guest Charles Webster request early check-in or late check-out at City Hotel?,checkin_checkout
I want to modify booking dates for guest Charles Webster at City Hotel,modify_booking
Can I change my reservation from 3 nights for Charles Webster?,modify_booking
Is Room Type A available at City Hotel for Jill Kelly?,availability
Can I reserve a room for Jill Kelly for 2 nights?,book_room
Is BB meal package included for Jill Kelly's room?,breakfast
Do you provide 0 parking space for reservation under Jill Kelly?,parking
Is parking space available at City Hotel for guest 235-492-3618?,parking
Can I cancel my booking under Jill Kelly?,cancel_booking
Check reservation status for Jill Kelly with status Canceled,booking_status
Is booking status for Jill Kelly confirmed at City Hotel?,booking_status
What payment methods do you accept for No Deposit booking under Jill Kelly?,payment
"Does City Hotel feature a swimming pool, spa and gym for Jill Kelly?",hotel_facilities
What are the check-in times at City Hotel for arrival on 11 November?,checkin_checkout
Can guest Jill Kelly request early check-in or late check-out at City Hotel?,checkin_checkout
I want to modify booking dates for guest Jill Kelly at City Hotel,modify_booking
Can I change my reservation from 2 nights for Jill Kelly?,modify_booking
Is Room Type E available at Resort Hotel for Jessica Dodson?,availability
Can I reserve a room for Jessica Dodson for 1 nights?,book_room
How much is Room Type E at rate 80.0 per night?,room_price
Is BB meal package included for Jessica Dodson's room?,breakfast
Do you provide 0 parking space for reservation under Jessica Dodson?,parking
Is parking space available at Resort Hotel for guest 319-814-3901?,parking
Can I cancel my booking under Jessica Dodson?,cancel_booking
Check reservation status for Jessica Dodson with status Check-Out,booking_status
Is booking status for Jessica Dodson confirmed at Resort Hotel?,booking_status
What payment methods do you accept for No Deposit booking under Jessica Dodson?,payment
"Does Resort Hotel feature a swimming pool, spa and gym for Jessica Dodson?",hotel_facilities
What are the check-in times at Resort Hotel for arrival on 22 February?,checkin_checkout
Can guest Jessica Dodson request early check-in or late check-out at Resort Hotel?,checkin_checkout
I want to modify booking dates for guest Jessica Dodson at Resort Hotel,modify_booking
Can I change my reservation from 1 nights for Jessica Dodson?,modify_booking
Is Room Type A available at City Hotel for Kyle Russo?,availability
Can I reserve a room for Kyle Russo for 4 nights?,book_room
How much is Room Type A at rate 185.25 per night?,room_price
Is SC meal package included for Kyle Russo's room?,breakfast
Do you provide 0 parking space for reservation under Kyle Russo?,parking
Is parking space available at City Hotel for guest 291-941-8659?,parking
Can I cancel my booking under Kyle Russo?,cancel_booking
Check reservation status for Kyle Russo with status Check-Out,booking_status
Is booking status for Kyle Russo confirmed at City Hotel?,booking_status
What payment methods do you accept for No Deposit booking under Kyle Russo?,payment
"Does City Hotel feature a swimming pool, spa and gym for Kyle Russo?",hotel_facilities
Can guest Kyle Russo request early check-in or late check-out at City Hotel?,checkin_checkout
I want to modify booking dates for guest Kyle Russo at City Hotel,modify_booking
Can I change my reservation from 4 nights for Kyle Russo?,modify_booking
Is Room Type A available at City Hotel for Heather West?,availability
Can I reserve a room for Heather West for 1 nights?,book_room
How much is Room Type A at rate 105.0 per night?,room_price
Is SC meal package included for Heather West's room?,breakfast
Do you provide 0 parking space for reservation under Heather West?,parking
Is parking space available at City Hotel for guest 401-800-1656?,parking
Can I cancel my booking under Heather West?,cancel_booking
Check reservation status for Heather West with status Check-Out,booking_status
Is booking status for Heather West confirmed at City Hotel?,booking_status
What payment methods do you accept for No Deposit booking under Heather West?,payment
"Does City Hotel feature a swimming pool, spa and gym for Heather West?",hotel_facilities
Can guest Heather West request early check-in or late check-out at City Hotel?,checkin_checkout
I want to modify booking dates for guest Heather West at City Hotel,modify_booking
Can I change my reservation from 1 nights for Heather West?,modify_booking
Is Room Type A available at City Hotel for Jamie George?,availability
Can I reserve a room for Jamie George for 5 nights?,book_room
Is BB meal package included for Jamie George's room?,breakfast
Do you provide 0 parking space for reservation under Jamie George?,parking
Is parking space available at City Hotel for guest 722-452-6572?,parking
Can I cancel my booking under Jamie George?,cancel_booking
Check reservation status for Jamie George with status Canceled,booking_status
Is booking status for Jamie George confirmed at City Hotel?,booking_status
What payment methods do you accept for Non Refund booking under Jamie George?,payment
"Does City Hotel feature a swimming pool, spa and gym for Jamie George?",hotel_facilities
What are the check-in times at City Hotel for arrival on 28 May?,checkin_checkout
Can guest Jamie George request early check-in or late check-out at City Hotel?,checkin_checkout
I want to modify booking dates for guest Jamie George at City Hotel,modify_booking
Can I change my reservation from 5 nights for Jamie George?,modify_booking
Is Room Type A available at City Hotel for Steve Gordon?,availability
Can I reserve a room for Steve Gordon for 5 nights?,book_room
Is BB meal package included for Steve Gordon's room?,breakfast
Do you provide 0 parking space for reservation under Steve Gordon?,parking
Is parking space available at City Hotel for guest 167-752-0698?,parking
Can I cancel my booking under Steve Gordon?,cancel_booking
Check reservation status for Steve Gordon with status Canceled,booking_status
Is booking status for Steve Gordon confirmed at City Hotel?,booking_status
What payment methods do you accept for No Deposit booking under Steve Gordon?,payment
"Does City Hotel feature a swimming pool, spa and gym for Steve Gordon?",hotel_facilities
Can guest Steve Gordon request early check-in or late check-out at City Hotel?,checkin_checkout
I want to modify booking dates for guest Steve Gordon at City Hotel,modify_booking
Can I change my reservation from 5 nights for Steve Gordon?,modify_booking
Is Room Type H available at Resort Hotel for Phillip Diaz?,availability
Do you have room availability for 3 adults in January 2016?,availability
Can I reserve a room for Phillip Diaz for 2 nights?,book_room
How much is Room Type H at rate 71.2 per night?,room_price
Is BB meal package included for Phillip Diaz's room?,breakfast
Do you provide 0 parking space for reservation under Phillip Diaz?,parking
Is parking space available at Resort Hotel for guest 102-375-4249?,parking
Can I cancel my booking under Phillip Diaz?,cancel_booking
Check reservation status for Phillip Diaz with status Check-Out,booking_status
Is booking status for Phillip Diaz confirmed at Resort Hotel?,booking_status
What payment methods do you accept for No Deposit booking under Phillip Diaz?,payment
"Does Resort Hotel feature a swimming pool, spa and gym for Phillip Diaz?",hotel_facilities
What are the check-in times at Resort Hotel for arrival on 15 January?,checkin_checkout
Can guest Phillip Diaz request early check-in or late check-out at Resort Hotel?,checkin_checkout
I want to modify booking dates for guest Phillip Diaz at Resort Hotel,modify_booking
Can I change my reservation from 2 nights for Phillip Diaz?,modify_booking
Is Room Type D available at City Hotel for Edward Richards?,availability
Do you have room availability for 3 adults in July 2016?,availability
Can I reserve a room for Edward Richards for 3 nights?,book_room
How much is Room Type D at rate 177.0 per night?,room_price
Is BB meal package included for Edward Richards's room?,breakfast
Do you provide 1 parking space for reservation under Edward Richards?,parking
Is parking space available at City Hotel for guest 958-113-7245?,parking
Can I cancel my booking under Edward Richards?,cancel_booking
Check reservation status for Edward Richards with status Check-Out,booking_status
Is booking status for Edward Richards confirmed at City Hotel?,booking_status
What payment methods do you accept for No Deposit booking under Edward Richards?,payment
"Does City Hotel feature a swimming pool, spa and gym for Edward Richards?",hotel_facilities
Can guest Edward Richards request early check-in or late check-out at City Hotel?,checkin_checkout
I want to modify booking dates for guest Edward Richards at City Hotel,modify_booking
Can I change my reservation from 3 nights for Edward Richards?,modify_booking
Is Room Type A available at City Hotel for Dakota Rich?,availability
Can I reserve a room for Dakota Rich for 7 nights?,book_room
How much is Room Type A at rate 95.96 per night?,room_price
Is BB meal package included for Dakota Rich's room?,breakfast
Do you provide 0 parking space for reservation under Dakota Rich?,parking
Is parking space available at City Hotel for guest 255-652-7837?,parking
Can I cancel my booking under Dakota Rich?,cancel_booking
Check reservation status for Dakota Rich with status Check-Out,booking_status
Is booking status for Dakota Rich confirmed at City Hotel?,booking_status
What payment methods do you accept for No Deposit booking under Dakota Rich?,payment
"Does City Hotel feature a swimming pool, spa and gym for Dakota Rich?",hotel_facilities
Can guest Dakota Rich request early check-in or late check-out at City Hotel?,checkin_checkout
I want to modify booking dates for guest Dakota Rich at City Hotel,modify_booking
Can I change my reservation from 7 nights for Dakota Rich?,modify_booking
Is Room Type D available at City Hotel for Timothy Carpenter?,availability
Can I reserve a room for Timothy Carpenter for 4 nights?,book_room
How much is Room Type D at rate 106.68 per night?,room_price
Is BB meal package included for Timothy Carpenter's room?,breakfast
Do you provide 0 parking space for reservation under Timothy Carpenter?,parking
Is parking space available at City Hotel for guest 537-492-3605?,parking
Can I cancel my booking under Timothy Carpenter?,cancel_booking
Check reservation status for Timothy Carpenter with status Check-Out,booking_status
Is booking status for Timothy Carpenter confirmed at City Hotel?,booking_status
What payment methods do you accept for No Deposit booking under Timothy Carpenter?,payment
"Does City Hotel feature a swimming pool, spa and gym for Timothy Carpenter?",hotel_facilities
What are the check-in times at City Hotel for arrival on 14 March?,checkin_checkout
Can guest Timothy Carpenter request early check-in or late check-out at City Hotel?,checkin_checkout
I want to modify booking dates for guest Timothy Carpenter at City Hotel,modify_booking
Can I change my reservation from 4 nights for Timothy Carpenter?,modify_booking
Is Room Type D available at Resort Hotel for Matthew Mercado?,availability
Do you have room availability for 1 adults in October 2016?,availability
Can I reserve a room for Matthew Mercado for 9 nights?,book_room
How much is Room Type D at rate 89.0 per night?,room_price
Is BB meal package included for Matthew Mercado's room?,breakfast
Do you provide 0 parking space for reservation under Matthew Mercado?,parking
Is parking space available at Resort Hotel for guest 334-588-4136?,parking
Can I cancel my booking under Matthew Mercado?,cancel_booking
Check reservation status for Matthew Mercado with status Canceled,booking_status
Is booking status for Matthew Mercado confirmed at Resort Hotel?,booking_status
What payment methods do you accept for No Deposit booking under Matthew Mercado?,payment
"Does Resort Hotel feature a swimming pool, spa and gym for Matthew Mercado?",hotel_facilities
What are the check-in times at Resort Hotel for arrival on 3 October?,checkin_checkout
Can guest Matthew Mercado request early check-in or late check-out at Resort Hotel?,checkin_checkout
I want to modify booking dates for guest Matthew Mercado at Resort Hotel,modify_booking
Can I change my reservation from 9 nights for Matthew Mercado?,modify_booking
Is Room Type A available at City Hotel for Peter Perez?,availability
Can I reserve a room for Peter Perez for 1 nights?,book_room
Is BB meal package included for Peter Perez's room?,breakfast
Do you provide 0 parking space for reservation under Peter Perez?,parking
Is parking space available at City Hotel for guest 552-646-9198?,parking
Can I cancel my booking under Peter Perez?,cancel_booking
Check reservation status for Peter Perez with status Canceled,booking_status
Is booking status for Peter Perez confirmed at City Hotel?,booking_status
What payment methods do you accept for Non Refund booking under Peter Perez?,payment
"Does City Hotel feature a swimming pool, spa and gym for Peter Perez?",hotel_facilities
What are the check-in times at City Hotel for arrival on 30 June?,checkin_checkout
Can guest Peter Perez request early check-in or late check-out at City Hotel?,checkin_checkout
I want to modify booking dates for guest Peter Perez at City Hotel,modify_booking
Can I change my reservation from 1 nights for Peter Perez?,modify_booking
Is Room Type A available at City Hotel for Bryan Scott?,availability
Can I reserve a room for Bryan Scott for 3 nights?,book_room
Is BB meal package included for Bryan Scott's room?,breakfast
Do you provide 0 parking space for reservation under Bryan Scott?,parking
Is parking space available at City Hotel for guest 604-872-4390?,parking
Can I cancel my booking under Bryan Scott?,cancel_booking
Check reservation status for Bryan Scott with status Check-Out,booking_status
Is booking status for Bryan Scott confirmed at City Hotel?,booking_status
What payment methods do you accept for No Deposit booking under Bryan Scott?,payment
"Does City Hotel feature a swimming pool, spa and gym for Bryan Scott?",hotel_facilities
What are the check-in times at City Hotel for arrival on 3 September?,checkin_checkout
Can guest Bryan Scott request early check-in or late check-out at City Hotel?,checkin_checkout
I want to modify booking dates for guest Bryan Scott at City Hotel,modify_booking
Can I change my reservation from 3 nights for Bryan Scott?,modify_booking
Is Room Type G available at City Hotel for Rachel Lee?,availability
I want to book Room Type G for 2 guests at City Hotel,book_room
Can I reserve a room for Rachel Lee for 2 nights?,book_room
How much is Room Type G at rate 198.0 per night?,room_price
Is BB meal package included for Rachel Lee's room?,breakfast
Do you provide 0 parking space for reservation under Rachel Lee?,parking
Is parking space available at City Hotel for guest 549-543-7080?,parking
Can I cancel my booking under Rachel Lee?,cancel_booking
Check reservation status for Rachel Lee with status Check-Out,booking_status
Is booking status for Rachel Lee confirmed at City Hotel?,booking_status
What payment methods do you accept for No Deposit booking under Rachel Lee?,payment
"Does City Hotel feature a swimming pool, spa and gym for Rachel Lee?",hotel_facilities
What are the check-in times at City Hotel for arrival on 6 January?,checkin_checkout
Can guest Rachel Lee request early check-in or late check-out at City Hotel?,checkin_checkout
I want to modify booking dates for guest Rachel Lee at City Hotel,modify_booking
Can I change my reservation from 2 nights for Rachel Lee?,modify_booking
Is Room Type A available at City Hotel for Amanda Aguilar?,availability
Can I reserve a room for Amanda Aguilar for 2 nights?,book_room
Is BB meal package included for Amanda Aguilar's room?,breakfast
Do you provide 0 parking space for reservation under Amanda Aguilar?,parking
Is parking space available at City Hotel for guest 566-801-4048?,parking
Can I cancel my booking under Amanda Aguilar?,cancel_booking
Check reservation status for Amanda Aguilar with status Check-Out,booking_status
Is booking status for Amanda Aguilar confirmed at City Hotel?,booking_status
What payment methods do you accept for No Deposit booking under Amanda Aguilar?,payment
"Does City Hotel feature a swimming pool, spa and gym for Amanda Aguilar?",hotel_facilities
What are the check-in times at City Hotel for arrival on 9 April?,checkin_checkout
Can guest Amanda Aguilar request early check-in or late check-out at City Hotel?,checkin_checkout
I want to modify booking dates for guest Amanda Aguilar at City Hotel,modify_booking
Can I change my reservation from 2 nights for Amanda Aguilar?,modify_booking
Is Room Type A available at Resort Hotel for Timothy Wilson?,availability
Can I reserve a room for Timothy Wilson for 3 nights?,book_room
How much is Room Type A at rate 79.0 per night?,room_price
Is Undefined meal package included for Timothy Wilson's room?,breakfast
Do you provide 0 parking space for reservation under Timothy Wilson?,parking
Is parking space available at Resort Hotel for guest 454-331-3107?,parking
Can I cancel my booking under Timothy Wilson?,cancel_booking
Check reservation status for Timothy Wilson with status Canceled,booking_status
Is booking status for Timothy Wilson confirmed at Resort Hotel?,booking_status
What payment methods do you accept for Non Refund booking under Timothy Wilson?,payment
"Does Resort Hotel feature a swimming pool, spa and gym for Timothy Wilson?",hotel_facilities
What are the check-in times at Resort Hotel for arrival on 26 February?,checkin_checkout
Can guest Timothy Wilson request early check-in or late check-out at Resort Hotel?,checkin_checkout
I want to modify booking dates for guest Timothy Wilson at Resort Hotel,modify_booking
Can I change my reservation from 3 nights for Timothy Wilson?,modify_booking
Is Room Type A available at City Hotel for Susan Miller?,availability
Can I reserve a room for Susan Miller for 2 nights?,book_room
Is BB meal package included for Susan Miller's room?,breakfast
Do you provide 0 parking space for reservation under Susan Miller?,parking
Is parking space available at City Hotel for guest 142-839-9429?,parking
Can I cancel my booking under Susan Miller?,cancel_booking
Check reservation status for Susan Miller with status Canceled,booking_status
Is booking status for Susan Miller confirmed at City Hotel?,booking_status
What payment methods do you accept for No Deposit booking under Susan Miller?,payment
"Does City Hotel feature a swimming pool, spa and gym for Susan Miller?",hotel_facilities
Can guest Susan Miller request early check-in or late check-out at City Hotel?,checkin_checkout
I want to modify booking dates for guest Susan Miller at City Hotel,modify_booking
Can I change my reservation from 2 nights for Susan Miller?,modify_booking
Is Room Type A available at City Hotel for Andrew Ruiz?,availability
Can I reserve a room for Andrew Ruiz for 4 nights?,book_room
How much is Room Type A at rate 92.25 per night?,room_price
Is SC meal package included for Andrew Ruiz's room?,breakfast
Do you provide 0 parking space for reservation under Andrew Ruiz?,parking
Is parking space available at City Hotel for guest 668-337-9116?,parking
Can I cancel my booking under Andrew Ruiz?,cancel_booking
Check reservation status for Andrew Ruiz with status Canceled,booking_status
Is booking status for Andrew Ruiz confirmed at City Hotel?,booking_status
What payment methods do you accept for No Deposit booking under Andrew Ruiz?,payment
"Does City Hotel feature a swimming pool, spa and gym for Andrew Ruiz?",hotel_facilities
What are the check-in times at City Hotel for arrival on 22 August?,checkin_checkout
Can guest Andrew Ruiz request early check-in or late check-out at City Hotel?,checkin_checkout
I want to modify booking dates for guest Andrew Ruiz at City Hotel,modify_booking
Can I change my reservation from 4 nights for Andrew Ruiz?,modify_booking
Is Room Type A available at City Hotel for Zoe Clark?,availability
Can I reserve a room for Zoe Clark for 3 nights?,book_room
Is BB meal package included for Zoe Clark's room?,breakfast
Do you provide 0 parking space for reservation under Zoe Clark?,parking
Is parking space available at City Hotel for guest 433-766-0559?,parking
Can I cancel my booking under Zoe Clark?,cancel_booking
Check reservation status for Zoe Clark with status Check-Out,booking_status
Is booking status for Zoe Clark confirmed at City Hotel?,booking_status
What payment methods do you accept for No Deposit booking under Zoe Clark?,payment
"Does City Hotel feature a swimming pool, spa and gym for Zoe Clark?",hotel_facilities
What are the check-in times at City Hotel for arrival on 8 September?,checkin_checkout
Can guest Zoe Clark request early check-in or late check-out at City Hotel?,checkin_checkout
I want to modify booking dates for guest Zoe Clark at City Hotel,modify_booking
Can I change my reservation from 3 nights for Zoe Clark?,modify_booking
Is Room Type A available at City Hotel for Patrick Olson?,availability
Can I reserve a room for Patrick Olson for 2 nights?,book_room
Is BB meal package included for Patrick Olson's room?,breakfast
Do you provide 0 parking space for reservation under Patrick Olson?,parking
Is parking space available at City Hotel for guest 695-515-6840?,parking
Can I cancel my booking under Patrick Olson?,cancel_booking
Check reservation status for Patrick Olson with status Canceled,booking_status
Is booking status for Patrick Olson confirmed at City Hotel?,booking_status
What payment methods do you accept for Non Refund booking under Patrick Olson?,payment
"Does City Hotel feature a swimming pool, spa and gym for Patrick Olson?",hotel_facilities
What are the check-in times at City Hotel for arrival on 7 October?,checkin_checkout
Can guest Patrick Olson request early check-in or late check-out at City Hotel?,checkin_checkout
I want to modify booking dates for guest Patrick Olson at City Hotel,modify_booking
Can I change my reservation from 2 nights for Patrick Olson?,modify_booking
Is Room Type A available at City Hotel for Levi Williams?,availability
Do you have room availability for 0 adults in March 2017?,availability
I want to book Room Type A for 0 guests at City Hotel,book_room
Can I reserve a room for Levi Williams for 0 nights?,book_room
Is BB meal package included for Levi Williams's room?,breakfast
Do you provide 0 parking space for reservation under Levi Williams?,parking
Is parking space available at City Hotel for guest 910-704-5015?,parking
Can I cancel my booking under Levi Williams?,cancel_booking
Check reservation status for Levi Williams with status Check-Out,booking_status
Is booking status for Levi Williams confirmed at City Hotel?,booking_status
What payment methods do you accept for No Deposit booking under Levi Williams?,payment
"Does City Hotel feature a swimming pool, spa and gym for Levi Williams?",hotel_facilities
What are the check-in times at City Hotel for arrival on 24 March?,checkin_checkout
Can guest Levi Williams request early check-in or late check-out at City Hotel?,checkin_checkout
I want to modify booking dates for guest Levi Williams at City Hotel,modify_booking
Can I change my reservation from 0 nights for Levi Williams?,modify_booking
Is Room Type A available at City Hotel for Margaret Brown?,availability
Can I reserve a room for Margaret Brown for 5 nights?,book_room
Is BB meal package included for Margaret Brown's room?,breakfast
Do you provide 0 parking space for reservation under Margaret Brown?,parking
Is parking space available at City Hotel for guest 352-655-0577?,parking
Can I cancel my booking under Margaret Brown?,cancel_booking
Check reservation status for Margaret Brown with status Check-Out,booking_status
Is booking status for Margaret Brown confirmed at City Hotel?,booking_status
What payment methods do you accept for No Deposit booking under Margaret Brown?,payment
"Does City Hotel feature a swimming pool, spa and gym for Margaret Brown?",hotel_facilities
What are the check-in times at City Hotel for arrival on 8 January?,checkin_checkout
Can guest Margaret Brown request early check-in or late check-out at City Hotel?,checkin_checkout
I want to modify booking dates for guest Margaret Brown at City Hotel,modify_booking
Can I change my reservation from 5 nights for Margaret Brown?,modify_booking
Is Room Type A available at City Hotel for Destiny Simpson?,availability
Can I reserve a room for Destiny Simpson for 2 nights?,book_room
Is BB meal package included for Destiny Simpson's room?,breakfast
Do you provide 0 parking space for reservation under Destiny Simpson?,parking
Is parking space available at City Hotel for guest 185-286-0959?,parking
Can I cancel my booking under Destiny Simpson?,cancel_booking
Check reservation status for Destiny Simpson with status Canceled,booking_status
Is booking status for Destiny Simpson confirmed at City Hotel?,booking_status
What payment methods do you accept for Non Refund booking under Destiny Simpson?,payment
"Does City Hotel feature a swimming pool, spa and gym for Destiny Simpson?",hotel_facilities
What are the check-in times at City Hotel for arrival on 26 April?,checkin_checkout
Can guest Destiny Simpson request early check-in or late check-out at City Hotel?,checkin_checkout
I want to modify booking dates for guest Destiny Simpson at City Hotel,modify_booking
Can I change my reservation from 2 nights for Destiny Simpson?,modify_booking
Is Room Type D available at City Hotel for Natalie Edwards?,availability
Can I reserve a room for Natalie Edwards for 6 nights?,book_room
How much is Room Type D at rate 121.83 per night?,room_price
Is BB meal package included for Natalie Edwards's room?,breakfast
Do you provide 0 parking space for reservation under Natalie Edwards?,parking
Is parking space available at City Hotel for guest 677-201-9008?,parking
Can I cancel my booking under Natalie Edwards?,cancel_booking
Check reservation status for Natalie Edwards with status Check-Out,booking_status
Is booking status for Natalie Edwards confirmed at City Hotel?,booking_status
What payment methods do you accept for No Deposit booking under Natalie Edwards?,payment
"Does City Hotel feature a swimming pool, spa and gym for Natalie Edwards?",hotel_facilities
What are the check-in times at City Hotel for arrival on 14 June?,checkin_checkout
Can guest Natalie Edwards request early check-in or late check-out at City Hotel?,checkin_checkout
I want to modify booking dates for guest Natalie Edwards at City Hotel,modify_booking
Can I change my reservation from 6 nights for Natalie Edwards?,modify_booking
Is Room Type A available at City Hotel for Courtney Mayo?,availability
Can I reserve a room for Courtney Mayo for 2 nights?,book_room
Is BB meal package included for Courtney Mayo's room?,breakfast
Do you provide 0 parking space for reservation under Courtney Mayo?,parking
Is parking space available at City Hotel for guest 488-469-9346?,parking
Can I cancel my booking under Courtney Mayo?,cancel_booking
Check reservation status for Courtney Mayo with status Check-Out,booking_status
Is booking status for Courtney Mayo confirmed at City Hotel?,booking_status
What payment methods do you accept for No Deposit booking under Courtney Mayo?,payment
"Does City Hotel feature a swimming pool, spa and gym for Courtney Mayo?",hotel_facilities
What are the check-in times at City Hotel for arrival on 11 October?,checkin_checkout
Can guest Courtney Mayo request early check-in or late check-out at City Hotel?,checkin_checkout
I want to modify booking dates for guest Courtney Mayo at City Hotel,modify_booking
Can I change my reservation from 2 nights for Courtney Mayo?,modify_booking
Is Room Type D available at City Hotel for Samantha Dyer?,availability
Can I reserve a room for Samantha Dyer for 2 nights?,book_room
How much is Room Type D at rate 137.0 per night?,room_price
Is BB meal package included for Samantha Dyer's room?,breakfast
Do you provide 0 parking space for reservation under Samantha Dyer?,parking
Is parking space available at City Hotel for guest 228-111-1118?,parking
Can I cancel my booking under Samantha Dyer?,cancel_booking
Check reservation status for Samantha Dyer with status Check-Out,booking_status
Is booking status for Samantha Dyer confirmed at City Hotel?,booking_status
What payment methods do you accept for No Deposit booking under Samantha Dyer?,payment
"Does City Hotel feature a swimming pool, spa and gym for Samantha Dyer?",hotel_facilities
What are the check-in times at City Hotel for arrival on 31 December?,checkin_checkout
Can guest Samantha Dyer request early check-in or late check-out at City Hotel?,checkin_checkout
I want to modify booking dates for guest Samantha Dyer at City Hotel,modify_booking
Can I change my reservation from 2 nights for Samantha Dyer?,modify_booking
Is Room Type A available at City Hotel for Eric Walter?,availability
Can I reserve a room for Eric Walter for 2 nights?,book_room
Is HB meal package included for Eric Walter's room?,breakfast
Do you provide 0 parking space for reservation under Eric Walter?,parking
Is parking space available at City Hotel for guest 544-850-1813?,parking
Can I cancel my booking under Eric Walter?,cancel_booking
Check reservation status for Eric Walter with status Check-Out,booking_status
Is booking status for Eric Walter confirmed at City Hotel?,booking_status
What payment methods do you accept for No Deposit booking under Eric Walter?,payment
"Does City Hotel feature a swimming pool, spa and gym for Eric Walter?",hotel_facilities
What are the check-in times at City Hotel for arrival on 14 August?,checkin_checkout
Can guest Eric Walter request early check-in or late check-out at City Hotel?,checkin_checkout
I want to modify booking dates for guest Eric Walter at City Hotel,modify_booking
Can I change my reservation from 2 nights for Eric Walter?,modify_booking
Is Room Type D available at City Hotel for Joseph Andrade?,availability
Can I reserve a room for Joseph Andrade for 7 nights?,book_room
How much is Room Type D at rate 184.29 per night?,room_price
Is BB meal package included for Joseph Andrade's room?,breakfast
Do you provide 0 parking space for reservation under Joseph Andrade?,parking
Is parking space available at City Hotel for guest 211-084-8496?,parking
Can I cancel my booking under Joseph Andrade?,cancel_booking
Check reservation status for Joseph Andrade with status Check-Out,booking_status
Is booking status for Joseph Andrade confirmed at City Hotel?,booking_status
What payment methods do you accept for No Deposit booking under Joseph Andrade?,payment
"Does City Hotel feature a swimming pool, spa and gym for Joseph Andrade?",hotel_facilities
Can guest Joseph Andrade request early check-in or late check-out at City Hotel?,checkin_checkout
I want to modify booking dates for guest Joseph Andrade at City Hotel,modify_booking
Can I change my reservation from 7 nights for Joseph Andrade?,modify_booking
Is Room Type A available at City Hotel for Kathleen Johnson?,availability
Can I reserve a room for Kathleen Johnson for 2 nights?,book_room
Is BB meal package included for Kathleen Johnson's room?,breakfast
Do you provide 0 parking space for reservation under Kathleen Johnson?,parking
Is parking space available at City Hotel for guest 376-871-5990?,parking
Can I cancel my booking under Kathleen Johnson?,cancel_booking
Check reservation status for Kathleen Johnson with status Canceled,booking_status
Is booking status for Kathleen Johnson confirmed at City Hotel?,booking_status
What payment methods do you accept for Non Refund booking under Kathleen Johnson?,payment
"Does City Hotel feature a swimming pool, spa and gym for Kathleen Johnson?",hotel_facilities
What are the check-in times at City Hotel for arrival on 30 July?,checkin_checkout
Can guest Kathleen Johnson request early check-in or late check-out at City Hotel?,checkin_checkout
I want to modify booking dates for guest Kathleen Johnson at City Hotel,modify_booking
Can I change my reservation from 2 nights for Kathleen Johnson?,modify_booking
Is Room Type A available at City Hotel for James Wyatt?,availability
Can I reserve a room for James Wyatt for 3 nights?,book_room
Is BB meal package included for James Wyatt's room?,breakfast
Do you provide 0 parking space for reservation under James Wyatt?,parking
Is parking space available at City Hotel for guest 694-856-4350?,parking
Can I cancel my booking under James Wyatt?,cancel_booking
Check reservation status for James Wyatt with status Canceled,booking_status
Is booking status for James Wyatt confirmed at City Hotel?,booking_status
What payment methods do you accept for No Deposit booking under James Wyatt?,payment
"Does City Hotel feature a swimming pool, spa and gym for James Wyatt?",hotel_facilities
What are the check-in times at City Hotel for arrival on 13 October?,checkin_checkout
Can guest James Wyatt request early check-in or late check-out at City Hotel?,checkin_checkout
I want to modify booking dates for guest James Wyatt at City Hotel,modify_booking
Can I change my reservation from 3 nights for James Wyatt?,modify_booking
Is Room Type A available at City Hotel for Sarah Pham?,availability
Can I reserve a room for Sarah Pham for 2 nights?,book_room
Is HB meal package included for Sarah Pham's room?,breakfast
Do you provide 0 parking space for reservation under Sarah Pham?,parking
Is parking space available at City Hotel for guest 795-242-0304?,parking
Can I cancel my booking under Sarah Pham?,cancel_booking
Check reservation status for Sarah Pham with status Check-Out,booking_status
Is booking status for Sarah Pham confirmed at City Hotel?,booking_status
What payment methods do you accept for No Deposit booking under Sarah Pham?,payment
"Does City Hotel feature a swimming pool, spa and gym for Sarah Pham?",hotel_facilities
Can guest Sarah Pham request early check-in or late check-out at City Hotel?,checkin_checkout
I want to modify booking dates for guest Sarah Pham at City Hotel,modify_booking
Can I change my reservation from 2 nights for Sarah Pham?,modify_booking
Is Room Type A available at City Hotel for Lisa Ramirez?,availability
Can I reserve a room for Lisa Ramirez for 3 nights?,book_room
Is BB meal package included for Lisa Ramirez's room?,breakfast
Do you provide 0 parking space for reservation under Lisa Ramirez?,parking
Is parking space available at City Hotel for guest 788-737-9149?,parking
Can I cancel my booking under Lisa Ramirez?,cancel_booking
Check reservation status for Lisa Ramirez with status Canceled,booking_status
Is booking status for Lisa Ramirez confirmed at City Hotel?,booking_status
What payment methods do you accept for Non Refund booking under Lisa Ramirez?,payment
"Does City Hotel feature a swimming pool, spa and gym for Lisa Ramirez?",hotel_facilities
What are the check-in times at City Hotel for arrival on 19 September?,checkin_checkout
Can guest Lisa Ramirez request early check-in or late check-out at City Hotel?,checkin_checkout
I want to modify booking dates for guest Lisa Ramirez at City Hotel,modify_booking
Can I change my reservation from 3 nights for Lisa Ramirez?,modify_booking
